fecha,Año,Mes,Cadena Comercial,Categoría,Venta en Piezas,Venta en Pesos,Contribución,Margen 
01/01/2022,2022,Jan,CADENA 2,SISTEMA RESPIRATORIO,161665,12601618,1884244,14.95%
01/12/2022,2022,Dec,CADENA 2,SISTEMA RESPIRATORIO,148352,11917476,1684625,14.14%
01/05/2022,2022,May,CADENA 2,SISTEMA DIGESTIVO,207830,7931920,1183168,14.92%
01/11/2022,2022,Nov,CADENA 2,SISTEMA RESPIRATORIO,97579,7712420,1147036,14.87%
01/01/2022,2022,Jan,CADENA 2,SISTEMA NERVIOSO,64885,7274868,939886,12.92%
01/07/2022,2022,Jul,CADENA 2,SISTEMA DIGESTIVO,165496,7115665,1081443,15.20%
01/07/2022,2022,Jul,CADENA 2,SISTEMA RESPIRATORIO,78884,7110800,1290170,18.14%
01/07/2022,2022,Jul,CADENA 2,SISTEMA NERVIOSO,53892,6938364,955455,13.77%
01/12/2022,2022,Dec,CADENA 2,SISTEMA NERVIOSO,53213,6795506,855520,12.59%
01/04/2022,2022,Apr,CADENA 2,SISTEMA DIGESTIVO,145328,6712312,1083947,16.15%
01/10/2022,2022,Oct,CADENA 2,SISTEMA RESPIRATORIO,71317,6660335,1142593,17.16%
01/03/2022,2022,Mar,CADENA 2,SISTEMA DIGESTIVO,124950,6534218,1011094,15.47%
01/01/2022,2022,Jan,CADENA 2,SISTEMA DIGESTIVO,121828,6454088,1151917,17.85%
01/06/2022,2022,Jun,CADENA 2,SISTEMA DIGESTIVO,134101,6230576,955814,15.34%
01/12/2022,2022,Dec,CADENA 2,SISTEMA DIGESTIVO,118441,6075823,869154,14.31%
01/10/2022,2022,Oct,CADENA 2,SISTEMA NERVIOSO,48464,6002430,862787,14.37%
01/06/2022,2022,Jun,CADENA 2,SISTEMA RESPIRATORIO,69157,5951436,1132507,19.03%
01/03/2022,2022,Mar,CADENA 2,SISTEMA NERVIOSO,46817,5931359,916241,15.45%
01/06/2022,2022,Jun,CADENA 2,SISTEMA NERVIOSO,46256,5879730,748014,12.72%
01/11/2022,2022,Nov,CADENA 2,SISTEMA NERVIOSO,44188,5843379,813959,13.93%
01/01/2022,2022,Jan,CADENA 2,NUTRICIÓN,41168,5808130,871788,15.01%
01/05/2022,2022,May,CADENA 2,SISTEMA NERVIOSO,44596,5790154,703521,12.15%
01/08/2022,2022,Aug,CADENA 2,SISTEMA DIGESTIVO,120304,5774849,919752,15.93%
01/02/2022,2022,Feb,CADENA 2,SISTEMA RESPIRATORIO,72864,5720815,887522,15.51%
01/09/2022,2022,Sep,CADENA 2,SISTEMA RESPIRATORIO,61862,5659648,1056101,18.66%
01/09/2022,2022,Sep,CADENA 2,SISTEMA NERVIOSO,42043,5482416,764821,13.95%
01/04/2022,2022,Apr,CADENA 2,SISTEMA NERVIOSO,42723,5352326,670392,12.53%
01/08/2022,2022,Aug,CADENA 2,SISTEMA NERVIOSO,39458,5321321,889061,16.71%
01/03/2022,2022,Mar,CADENA 2,NUTRICIÓN,32415,5321163,757576,14.24%
01/10/2022,2022,Oct,CADENA 2,SISTEMA DIGESTIVO,101395,5292590,871080,16.46%
01/11/2022,2022,Nov,CADENA 2,SISTEMA DIGESTIVO,99005,5288715,882203,16.68%
01/02/2022,2022,Feb,CADENA 2,SISTEMA DIGESTIVO,88926,5189017,883611,17.03%
01/02/2022,2022,Feb,CADENA 2,SISTEMA NERVIOSO,42220,5178103,797863,15.41%
01/12/2022,2022,Dec,CADENA 2,NUTRICIÓN,35488,5124736,492860,9.62%
01/07/2022,2022,Jul,CADENA 2,NUTRICIÓN,34960,5036703,700839,13.91%
01/05/2022,2022,May,CADENA 2,SISTEMA RESPIRATORIO,57812,4938727,835328,16.91%
01/05/2022,2022,May,CADENA 2,NUTRICIÓN,32838,4872898,566706,11.63%
01/09/2022,2022,Sep,CADENA 2,SISTEMA DIGESTIVO,94646,4865949,751168,15.44%
01/02/2022,2022,Feb,CADENA 2,NUTRICIÓN,33255,4840865,746017,15.41%
01/12/2022,2022,Dec,CADENA 3,SISTEMA RESPIRATORIO,52218,4779647,695148,14.54%
01/03/2022,2022,Mar,CADENA 2,SISTEMA RESPIRATORIO,57601,4726687,832826,17.62%
01/06/2022,2022,Jun,CADENA 2,NUTRICIÓN,29480,4707149,645523,13.71%
01/04/2022,2022,Apr,CADENA 2,NUTRICIÓN,27846,4653126,654027,14.06%
01/08/2022,2022,Aug,CADENA 2,NUTRICIÓN,33246,4644424,603005,12.98%
01/10/2022,2022,Oct,CADENA 2,NUTRICIÓN,29134,4596553,677845,14.75%
01/09/2022,2022,Sep,CADENA 2,NUTRICIÓN,28821,4534276,615917,13.58%
01/11/2022,2022,Nov,CADENA 2,NUTRICIÓN,29610,4461393,598614,13.42%
01/01/2022,2022,Jan,CADENA 3,SISTEMA RESPIRATORIO,50388,4398538,668142,15.19%
01/04/2022,2022,Apr,CADENA 2,SISTEMA RESPIRATORIO,50679,4137786,698938,16.89%
01/08/2022,2022,Aug,CADENA 2,SISTEMA RESPIRATORIO,37121,3374469,574111,17.01%
01/05/2022,2022,May,CADENA 3,SISTEMA DIGESTIVO,83818,3282528,448611,13.67%
01/11/2022,2022,Nov,CADENA 3,SISTEMA RESPIRATORIO,35813,3194501,493314,15.44%
01/06/2022,2022,Jun,CADENA 3,SISTEMA DIGESTIVO,64427,2882153,428810,14.88%
01/04/2022,2022,Apr,CADENA 3,SISTEMA DIGESTIVO,57322,2764380,406552,14.71%
01/03/2022,2022,Mar,CADENA 3,SISTEMA DIGESTIVO,56615,2762015,386576,14.00%
01/07/2022,2022,Jul,CADENA 3,SISTEMA DIGESTIVO,54677,2702905,395205,14.62%
01/07/2022,2022,Jul,CADENA 3,SISTEMA RESPIRATORIO,27266,2664253,505919,18.99%
01/01/2022,2022,Jan,CADENA 3,NUTRICIÓN,21951,2631558,412397,15.67%
01/01/2022,2022,Jan,CADENA 3,SISTEMA DIGESTIVO,52501,2501131,422976,16.91%
01/12/2022,2022,Dec,CADENA 3,SISTEMA DIGESTIVO,47223,2482885,351568,14.16%
01/10/2022,2022,Oct,CADENA 3,SISTEMA RESPIRATORIO,23619,2384467,419105,17.58%
01/06/2022,2022,Jun,CADENA 3,SISTEMA RESPIRATORIO,23901,2279325,440655,19.33%
01/01/2022,2022,Jan,CADENA 3,SISTEMA NERVIOSO,21298,2247448,312739,13.92%
01/11/2022,2022,Nov,CADENA 3,SISTEMA DIGESTIVO,42614,2220729,363980,16.39%
01/02/2022,2022,Feb,CADENA 3,SISTEMA DIGESTIVO,41481,2147840,353564,16.46%
01/10/2022,2022,Oct,CADENA 3,SISTEMA DIGESTIVO,40423,2115721,335368,15.85%
01/08/2022,2022,Aug,CADENA 3,SISTEMA DIGESTIVO,38818,2096547,330707,15.77%
01/12/2022,2022,Dec,CADENA 3,SISTEMA NERVIOSO,17177,2058744,270499,13.14%
01/07/2022,2022,Jul,CADENA 3,SISTEMA NERVIOSO,16742,2040305,305701,14.98%
01/12/2022,2022,Dec,CADENA 3,NUTRICIÓN,15972,1992621,167508,8.41%
01/09/2022,2022,Sep,CADENA 3,SISTEMA DIGESTIVO,37158,1980751,287298,14.50%
01/11/2022,2022,Nov,CADENA 3,SISTEMA NERVIOSO,15443,1924349,265080,13.78%
01/05/2022,2022,May,CADENA 3,SISTEMA RESPIRATORIO,19997,1883086,330388,17.55%
01/07/2022,2022,Jul,CADENA 3,NUTRICIÓN,17857,1866282,218609,11.71%
01/10/2022,2022,Oct,CADENA 3,SISTEMA NERVIOSO,15734,1845219,275982,14.96%
01/09/2022,2022,Sep,CADENA 3,SISTEMA RESPIRATORIO,18888,1843847,347178,18.83%
01/02/2022,2022,Feb,CADENA 3,SISTEMA RESPIRATORIO,21248,1834031,253364,13.81%
01/06/2022,2022,Jun,CADENA 3,SISTEMA NERVIOSO,15601,1830800,248289,13.56%
01/08/2022,2022,Aug,CADENA 3,NUTRICIÓN,19111,1769558,145369,8.21%
01/05/2022,2022,May,CADENA 3,SISTEMA NERVIOSO,14460,1756071,251565,14.33%
01/02/2022,2022,Feb,CADENA 3,NUTRICIÓN,15172,1750377,249139,14.23%
01/03/2022,2022,Mar,CADENA 3,SISTEMA NERVIOSO,14991,1737932,271239,15.61%
01/03/2022,2022,Mar,CADENA 3,NUTRICIÓN,13170,1703760,235255,13.81%
01/11/2022,2022,Nov,CADENA 3,NUTRICIÓN,13308,1687053,197494,11.71%
01/09/2022,2022,Sep,CADENA 3,SISTEMA NERVIOSO,13453,1656640,226387,13.67%
01/08/2022,2022,Aug,CADENA 3,SISTEMA NERVIOSO,13163,1650678,273157,16.55%
01/05/2022,2022,May,CADENA 3,NUTRICIÓN,14288,1640065,164112,10.01%
01/04/2022,2022,Apr,CADENA 3,SISTEMA NERVIOSO,13736,1623719,227011,13.98%
01/06/2022,2022,Jun,CADENA 3,NUTRICIÓN,12929,1607523,202407,12.59%
01/03/2022,2022,Mar,CADENA 3,SISTEMA RESPIRATORIO,17116,1597688,279016,17.46%
01/02/2022,2022,Feb,CADENA 3,SISTEMA NERVIOSO,14048,1582207,246260,15.56%
01/04/2022,2022,Apr,CADENA 3,SISTEMA RESPIRATORIO,17462,1573729,267007,16.97%
01/10/2022,2022,Oct,CADENA 3,NUTRICIÓN,11863,1557353,222674,14.30%
01/04/2022,2022,Apr,CADENA 3,NUTRICIÓN,10621,1516715,204284,13.47%
01/09/2022,2022,Sep,CADENA 3,NUTRICIÓN,12273,1506813,197129,13.08%
01/08/2022,2022,Aug,CADENA 3,SISTEMA RESPIRATORIO,13726,1385210,245837,17.75%
01/01/2022,2022,Jan,CADENA 2,OTRAS TERAPIAS,8979,1216679,163016,13.40%
01/12/2022,2022,Dec,CADENA 2,OTRAS TERAPIAS,8664,1193237,141388,11.85%
01/03/2022,2022,Mar,CADENA 2,OTRAS TERAPIAS,8232,1171134,179443,15.32%
01/10/2022,2022,Oct,CADENA 2,OTRAS TERAPIAS,7646,1120401,177965,15.88%
01/02/2022,2022,Feb,CADENA 2,OTRAS TERAPIAS,8372,1117152,121410,10.87%
01/05/2022,2022,May,CADENA 2,OTRAS TERAPIAS,8148,1107024,133829,12.09%
01/07/2022,2022,Jul,CADENA 2,OTRAS TERAPIAS,8027,1092796,116807,10.69%
01/11/2022,2022,Nov,CADENA 2,OTRAS TERAPIAS,7710,1087392,147229,13.54%
01/08/2022,2022,Aug,CADENA 2,OTRAS TERAPIAS,8080,1086078,86347,7.95%
01/09/2022,2022,Sep,CADENA 2,OTRAS TERAPIAS,7645,1077695,128997,11.97%
01/01/2022,2022,Jan,CADENA 1,SISTEMA RESPIRATORIO,13076,1060633,172347,16.25%
01/06/2022,2022,Jun,CADENA 2,OTRAS TERAPIAS,8026,1049904,98722,9.40%
01/04/2022,2022,Apr,CADENA 2,OTRAS TERAPIAS,7866,1030908,80513,7.81%
01/12/2022,2022,Dec,CADENA 1,SISTEMA RESPIRATORIO,11479,1012610,154363,15.24%
01/03/2022,2022,Mar,CADENA 2,DERMATOLOGICOS,10366,863657,183004,21.19%
01/01/2022,2022,Jan,CADENA 2,SISTEMA RESPIRATORIO,10878,853404,136586,16.00%
01/01/2022,2022,Jan,CADENA 2,DERMATOLOGICOS,10065,806738,168004,20.83%
01/12/2022,2022,Dec,CADENA 2,DERMATOLOGICOS,7556,765788,142921,18.66%
01/04/2022,2022,Apr,CADENA 2,DERMATOLOGICOS,8516,759467,157517,20.74%
01/01/2022,2022,Jan,CADENA 1,NUTRICIÓN,6560,740563,113048,15.27%
01/02/2022,2022,Feb,CADENA 2,DERMATOLOGICOS,8792,723151,153402,21.21%
01/07/2022,2022,Jul,CADENA 1,SISTEMA DIGESTIVO,15347,707225,122811,17.37%
01/10/2022,2022,Oct,CADENA 2,DERMATOLOGICOS,6668,706053,148654,21.05%
01/12/2022,2022,Dec,CADENA 2,SISTEMA RESPIRATORIO,8193,703862,109727,15.59%
01/05/2022,2022,May,CADENA 2,DERMATOLOGICOS,7316,702216,126350,17.99%
01/01/2022,2022,Jan,CADENA 1,SISTEMA NERVIOSO,6327,696251,98930,14.21%
01/08/2022,2022,Aug,CADENA 2,DERMATOLOGICOS,6824,694790,113125,16.28%
01/07/2022,2022,Jul,CADENA 2,DERMATOLOGICOS,6794,691638,136606,19.75%
01/01/2022,2022,Jan,CADENA 1,SISTEMA DIGESTIVO,13733,689598,120738,17.51%
01/11/2022,2022,Nov,CADENA 2,DERMATOLOGICOS,6628,685902,133444,19.46%
01/09/2022,2022,Sep,CADENA 2,DERMATOLOGICOS,6370,676059,143454,21.22%
01/05/2022,2022,May,CADENA 1,SISTEMA DIGESTIVO,15157,672180,98561,14.66%
01/07/2022,2022,Jul,CADENA 1,SISTEMA RESPIRATORIO,6992,655629,125828,19.19%
01/06/2022,2022,Jun,CADENA 2,DERMATOLOGICOS,6608,652356,116359,17.84%
01/06/2022,2022,Jun,CADENA 1,SISTEMA DIGESTIVO,14131,643204,104125,16.19%
01/07/2022,2022,Jul,CADENA 1,SISTEMA NERVIOSO,5074,640085,100457,15.69%
01/12/2022,2022,Dec,CADENA 1,SISTEMA NERVIOSO,5160,638711,78241,12.25%
01/01/2022,2022,Jan,CADENA 1,SISTEMA RESPIRATORIO,7230,630727,96216,15.25%
01/12/2022,2022,Dec,CADENA 1,SISTEMA DIGESTIVO,11767,623839,96691,15.50%
01/02/2022,2022,Feb,CADENA 1,SISTEMA RESPIRATORIO,6929,621576,108125,17.40%
01/04/2022,2022,Apr,CADENA 1,SISTEMA DIGESTIVO,11397,621346,93707,15.08%
01/03/2022,2022,Mar,CADENA 1,SISTEMA DIGESTIVO,11267,615400,89876,14.60%
01/08/2022,2022,Aug,CADENA 1,SISTEMA DIGESTIVO,11775,599419,90993,15.18%
01/07/2022,2022,Jul,CADENA 1,NUTRICIÓN,6125,589920,64534,10.94%
01/02/2022,2022,Feb,CADENA 1,SISTEMA DIGESTIVO,10268,575898,97769,16.98%
01/08/2022,2022,Aug,CADENA 1,SISTEMA NERVIOSO,4327,571197,95113,16.65%
01/01/2022,2022,Jan,CADENA 3,SISTEMA RESPIRATORIO,6459,569938,93965,16.49%
01/08/2022,2022,Aug,CADENA 1,NUTRICIÓN,6250,567049,47813,8.43%
01/03/2022,2022,Mar,CADENA 2,OFTALMOLOGICOS,3351,561591,95210,16.95%
01/09/2022,2022,Sep,CADENA 1,SISTEMA NERVIOSO,4486,559755,72337,12.92%
01/03/2022,2022,Mar,CADENA 1,NUTRICIÓN,4414,554296,72422,13.07%
01/12/2022,2022,Dec,CADENA 1,NUTRICIÓN,4654,548325,62383,11.38%
01/02/2022,2022,Feb,CADENA 1,NUTRICIÓN,5027,537280,72425,13.48%
01/03/2022,2022,Mar,CADENA 1,SISTEMA NERVIOSO,4364,536852,77347,14.41%
01/10/2022,2022,Oct,CADENA 1,SISTEMA RESPIRATORIO,5321,532892,89286,16.75%
01/05/2022,2022,May,CADENA 1,SISTEMA NERVIOSO,4199,531441,70895,13.34%
01/05/2022,2022,May,CADENA 2,OFTALMOLOGICOS,3187,530905,83637,15.75%
01/06/2022,2022,Jun,CADENA 1,SISTEMA NERVIOSO,4128,527342,76994,14.60%
01/02/2022,2022,Feb,CADENA 1,SISTEMA NERVIOSO,4396,526904,82261,15.61%
01/09/2022,2022,Sep,CADENA 1,SISTEMA DIGESTIVO,10369,524803,79003,15.05%
01/10/2022,2022,Oct,CADENA 1,SISTEMA NERVIOSO,4103,514978,74810,14.53%
01/05/2022,2022,May,CADENA 1,NUTRICIÓN,4400,514036,57400,11.17%
01/09/2022,2022,Sep,CADENA 1,SISTEMA RESPIRATORIO,5428,511155,91707,17.94%
01/04/2022,2022,Apr,CADENA 2,OFTALMOLOGICOS,3151,504878,75645,14.98%
01/06/2022,2022,Jun,CADENA 2,OFTALMOLOGICOS,2948,502995,77826,15.47%
01/12/2022,2022,Dec,CADENA 1,SISTEMA RESPIRATORIO,5668,501719,73227,14.60%
01/09/2022,2022,Sep,CADENA 1,NUTRICIÓN,4790,501135,67326,13.43%
01/10/2022,2022,Oct,CADENA 1,SISTEMA DIGESTIVO,9794,498738,85413,17.13%
01/06/2022,2022,Jun,CADENA 1,NUTRICIÓN,4035,494245,64574,13.07%
01/03/2022,2022,Mar,CADENA 1,SISTEMA RESPIRATORIO,5506,493859,92760,18.78%
01/04/2022,2022,Apr,CADENA 1,SISTEMA NERVIOSO,3955,492232,68015,13.82%
01/11/2022,2022,Nov,CADENA 2,SISTEMA RESPIRATORIO,6025,488672,77954,15.95%
01/12/2022,2022,Dec,CADENA 3,SISTEMA RESPIRATORIO,5381,481319,72120,14.98%
01/07/2022,2022,Jul,CADENA 2,OFTALMOLOGICOS,2871,473872,76641,16.17%
01/04/2022,2022,Apr,CADENA 1,NUTRICIÓN,3555,471884,66910,14.18%
01/12/2022,2022,Dec,CADENA 2,OFTALMOLOGICOS,3109,467126,59317,12.70%
01/01/2022,2022,Jan,CADENA 2,OFTALMOLOGICOS,2859,458469,87083,18.99%
01/03/2022,2022,Mar,CADENA 3,OFTALMOLOGICOS,2292,454392,76201,16.77%
01/10/2022,2022,Oct,CADENA 1,NUTRICIÓN,3894,452620,61061,13.49%
01/04/2022,2022,Apr,CADENA 3,OFTALMOLOGICOS,2228,449433,64951,14.45%
01/06/2022,2022,Jun,CADENA 1,SISTEMA RESPIRATORIO,4864,447725,92694,20.70%
01/05/2022,2022,May,CADENA 3,OFTALMOLOGICOS,2266,434644,67169,15.45%
01/11/2022,2022,Nov,CADENA 2,OFTALMOLOGICOS,2704,434015,58954,13.58%
01/05/2022,2022,May,CADENA 1,SISTEMA RESPIRATORIO,4746,433445,77371,17.85%
01/10/2022,2022,Oct,CADENA 2,OFTALMOLOGICOS,2757,431949,56793,13.15%
01/08/2022,2022,Aug,CADENA 2,OFTALMOLOGICOS,2699,431213,61455,14.25%
01/01/2022,2022,Jan,CADENA 1,NUTRICIÓN,3422,426988,60519,14.17%
01/02/2022,2022,Feb,CADENA 2,OFTALMOLOGICOS,2610,422576,66852,15.82%
01/01/2022,2022,Jan,CADENA 1,SISTEMA NERVIOSO,3448,418735,57736,13.79%
01/04/2022,2022,Apr,CADENA 1,SISTEMA RESPIRATORIO,4714,413148,73505,17.79%
01/06/2022,2022,Jun,CADENA 3,OFTALMOLOGICOS,2012,412168,66519,16.14%
01/11/2022,2022,Nov,CADENA 3,OFTALMOLOGICOS,2089,410861,60057,14.62%
01/12/2022,2022,Dec,CADENA 3,OFTALMOLOGICOS,2027,405394,62558,15.43%
01/09/2022,2022,Sep,CADENA 2,OFTALMOLOGICOS,2354,402017,57068,14.20%
01/08/2022,2022,Aug,CADENA 1,SISTEMA RESPIRATORIO,4140,400688,71532,17.85%
01/10/2022,2022,Oct,CADENA 3,OFTALMOLOGICOS,2027,396106,54410,13.74%
01/07/2022,2022,Jul,CADENA 3,OFTALMOLOGICOS,1918,394265,62814,15.93%
01/09/2022,2022,Sep,CADENA 3,OFTALMOLOGICOS,1841,393893,59655,15.14%
01/02/2022,2022,Feb,CADENA 1,SISTEMA RESPIRATORIO,4843,388335,47279,12.17%
01/01/2022,2022,Jan,CADENA 2,SISTEMA NERVIOSO,3570,387915,48353,12.46%
01/08/2022,2022,Aug,CADENA 3,OFTALMOLOGICOS,1935,382933,52993,13.84%
01/07/2022,2022,Jul,CADENA 1,SISTEMA RESPIRATORIO,3728,379508,71600,18.87%
01/01/2022,2022,Jan,CADENA 3,OFTALMOLOGICOS,1906,368729,64534,17.50%
01/10/2022,2022,Oct,CADENA 1,SISTEMA RESPIRATORIO,3364,358881,64864,18.07%
01/05/2022,2022,May,CADENA 3,SISTEMA DIGESTIVO,9412,356462,48648,13.65%
01/07/2022,2022,Jul,CADENA 1,SISTEMA NERVIOSO,2571,353057,52986,15.01%
01/01/2022,2022,Jan,CADENA 3,NUTRICIÓN,2860,350597,55190,15.74%
01/01/2022,2022,Jan,CADENA 3,SISTEMA NERVIOSO,2840,343745,48356,14.07%
01/05/2022,2022,May,CADENA 1,SISTEMA DIGESTIVO,7775,340426,48232,14.17%
01/01/2022,2022,Jan,CADENA 1,SISTEMA DIGESTIVO,6491,340129,59364,17.45%
01/02/2022,2022,Feb,CADENA 3,OFTALMOLOGICOS,1780,338538,59008,17.43%
01/08/2022,2022,Aug,CADENA 1,NUTRICIÓN,3280,337628,28167,8.34%
01/07/2022,2022,Jul,CADENA 3,SISTEMA RESPIRATORIO,3270,337181,64721,19.19%
01/12/2022,2022,Dec,CADENA 2,SISTEMA NERVIOSO,2592,336664,38499,11.44%
01/07/2022,2022,Jul,CADENA 1,NUTRICIÓN,3202,334599,34864,10.42%
01/07/2022,2022,Jul,CADENA 2,SISTEMA RESPIRATORIO,3789,332104,62940,18.95%
01/10/2022,2022,Oct,CADENA 1,SISTEMA NERVIOSO,2444,331212,51427,15.53%
01/06/2022,2022,Jun,CADENA 3,SISTEMA DIGESTIVO,6887,325510,49693,15.27%
01/05/2022,2022,May,CADENA 2,SISTEMA DIGESTIVO,9225,322873,46564,14.42%
01/02/2022,2022,Feb,CADENA 1,NUTRICIÓN,2817,320672,43773,13.65%
01/01/2022,2022,Jan,CADENA 3,SISTEMA DIGESTIVO,6143,318408,55405,17.40%
01/07/2022,2022,Jul,CADENA 2,SISTEMA NERVIOSO,2506,316187,46049,14.56%
01/03/2022,2022,Mar,CADENA 1,NUTRICIÓN,2435,315056,39645,12.58%
01/07/2022,2022,Jul,CADENA 3,SISTEMA DIGESTIVO,6162,314289,48693,15.49%
01/03/2022,2022,Mar,CADENA 1,SISTEMA DIGESTIVO,6225,314020,45648,14.54%
01/07/2022,2022,Jul,CADENA 1,SISTEMA DIGESTIVO,5692,313260,46864,14.96%
01/11/2022,2022,Nov,CADENA 2,SISTEMA NERVIOSO,2310,312311,43822,14.03%
01/03/2022,2022,Mar,CADENA 3,SISTEMA DIGESTIVO,6661,312304,47384,15.17%
01/08/2022,2022,Aug,CADENA 1,SISTEMA NERVIOSO,2102,308793,54504,17.65%
01/05/2022,2022,May,CADENA 3,OTRAS TERAPIAS,2129,307143,41226,13.42%
01/12/2022,2022,Dec,CADENA 1,SISTEMA NERVIOSO,2235,305563,37496,12.27%
01/03/2022,2022,Mar,CADENA 3,OTRAS TERAPIAS,2061,304512,44667,14.67%
01/03/2022,2022,Mar,CADENA 1,SISTEMA NERVIOSO,2218,304478,46870,15.39%
01/06/2022,2022,Jun,CADENA 1,SISTEMA DIGESTIVO,5760,303881,43519,14.32%
01/02/2022,2022,Feb,CADENA 1,SISTEMA NERVIOSO,2436,302579,48096,15.90%
01/04/2022,2022,Apr,CADENA 3,SISTEMA DIGESTIVO,6168,301019,46376,15.41%
01/12/2022,2022,Dec,CADENA 1,NUTRICIÓN,2384,299954,23742,7.92%
01/10/2022,2022,Oct,CADENA 1,NUTRICIÓN,2241,299737,43556,14.53%
01/03/2022,2022,Mar,CADENA 3,DERMATOLOGICOS,3848,299657,65624,21.90%
01/04/2022,2022,Apr,CADENA 1,SISTEMA DIGESTIVO,5635,295999,44636,15.08%
01/06/2022,2022,Jun,CADENA 1,SISTEMA NERVIOSO,2155,295569,42641,14.43%
01/05/2022,2022,May,CADENA 1,SISTEMA NERVIOSO,2141,295340,39374,13.33%
01/05/2022,2022,May,CADENA 1,NUTRICIÓN,2292,291472,31416,10.78%
01/08/2022,2022,Aug,CADENA 3,OTRAS TERAPIAS,1904,291275,24110,8.28%
01/09/2022,2022,Sep,CADENA 1,SISTEMA NERVIOSO,2057,289233,41946,14.50%
01/12/2022,2022,Dec,CADENA 3,SISTEMA NERVIOSO,2210,288784,35952,12.45%
01/10/2022,2022,Oct,CADENA 2,SISTEMA RESPIRATORIO,3029,288736,52482,18.18%
01/02/2022,2022,Feb,CADENA 1,SISTEMA DIGESTIVO,5263,288323,49541,17.18%
01/10/2022,2022,Oct,CADENA 3,OTRAS TERAPIAS,1819,288144,41620,14.44%
01/11/2022,2022,Nov,CADENA 3,OTRAS TERAPIAS,1864,281958,33993,12.06%
01/12/2022,2022,Dec,CADENA 3,OTRAS TERAPIAS,1878,281598,29244,10.39%
01/09/2022,2022,Sep,CADENA 1,SISTEMA RESPIRATORIO,2695,281413,54109,19.23%
01/03/2022,2022,Mar,CADENA 2,SISTEMA NERVIOSO,2327,281272,41827,14.87%
01/05/2022,2022,May,CADENA 3,DERMATOLOGICOS,3139,280687,49389,17.60%
01/07/2022,2022,Jul,CADENA 3,OTRAS TERAPIAS,1909,280290,29744,10.61%
01/10/2022,2022,Oct,CADENA 3,SISTEMA RESPIRATORIO,2695,279264,49465,17.71%
01/09/2022,2022,Sep,CADENA 3,OTRAS TERAPIAS,1769,277194,35958,12.97%
01/07/2022,2022,Jul,CADENA 3,SISTEMA NERVIOSO,2117,277021,40971,14.79%
01/02/2022,2022,Feb,CADENA 3,SISTEMA RESPIRATORIO,2948,275799,50146,18.18%
01/03/2022,2022,Mar,CADENA 2,SISTEMA DIGESTIVO,5569,274550,44229,16.11%
01/04/2022,2022,Apr,CADENA 1,NUTRICIÓN,1907,274081,36786,13.42%
01/09/2022,2022,Sep,CADENA 1,NUTRICIÓN,1998,274081,36901,13.46%
01/06/2022,2022,Jun,CADENA 1,NUTRICIÓN,1956,272911,31608,11.58%
01/04/2022,2022,Apr,CADENA 3,DERMATOLOGICOS,3305,272217,56435,20.73%
01/04/2022,2022,Apr,CADENA 2,SISTEMA DIGESTIVO,5965,270816,43340,16.00%
01/06/2022,2022,Jun,CADENA 3,OTRAS TERAPIAS,1815,270646,25325,9.36%
01/01/2022,2022,Jan,CADENA 3,OTRAS TERAPIAS,1846,269891,38543,14.28%
01/07/2022,2022,Jul,CADENA 2,SISTEMA DIGESTIVO,6339,269471,42378,15.73%
01/07/2022,2022,Jul,CADENA 3,NUTRICIÓN,2507,267725,28368,10.60%
01/04/2022,2022,Apr,CADENA 1,SISTEMA NERVIOSO,1976,265986,35768,13.45%
01/05/2022,2022,May,CADENA 1,SISTEMA RESPIRATORIO,2901,265736,46874,17.64%
01/04/2022,2022,Apr,CADENA 3,OTRAS TERAPIAS,1894,265193,29364,11.07%
01/02/2022,2022,Feb,CADENA 3,NUTRICIÓN,2394,265135,37447,14.12%
01/01/2022,2022,Jan,CADENA 2,SISTEMA DIGESTIVO,5774,264598,48306,18.26%
01/12/2022,2022,Dec,CADENA 3,SISTEMA DIGESTIVO,5056,264351,36998,14.00%
01/02/2022,2022,Feb,CADENA 3,SISTEMA DIGESTIVO,4942,262100,43221,16.49%
01/12/2022,2022,Dec,CADENA 1,SISTEMA DIGESTIVO,4662,259768,35764,13.77%
01/08/2022,2022,Aug,CADENA 1,SISTEMA DIGESTIVO,4143,259055,42891,16.56%
01/06/2022,2022,Jun,CADENA 1,SISTEMA RESPIRATORIO,2603,255801,48536,18.97%
01/03/2022,2022,Mar,CADENA 3,NUTRICIÓN,2026,255750,35227,13.77%
01/08/2022,2022,Aug,CADENA 3,SISTEMA DIGESTIVO,4328,255668,39919,15.61%
01/05/2022,2022,May,CADENA 3,NUTRICIÓN,2251,255130,27376,10.73%
01/06/2022,2022,Jun,CADENA 2,SISTEMA DIGESTIVO,5993,254929,40421,15.86%
01/02/2022,2022,Feb,CADENA 3,OTRAS TERAPIAS,1773,254836,35454,13.91%
01/03/2022,2022,Mar,CADENA 3,SISTEMA NERVIOSO,1933,253968,40603,15.99%
01/06/2022,2022,Jun,CADENA 3,SISTEMA NERVIOSO,1916,253555,36270,14.30%
01/10/2022,2022,Oct,CADENA 3,SISTEMA NERVIOSO,2102,251732,37083,14.73%
01/06/2022,2022,Jun,CADENA 2,SISTEMA NERVIOSO,1917,249458,34264,13.74%
01/05/2022,2022,May,CADENA 3,SISTEMA NERVIOSO,1962,249013,31390,12.61%
01/05/2022,2022,May,CADENA 2,SISTEMA NERVIOSO,1976,248666,32333,13.00%
01/08/2022,2022,Aug,CADENA 3,SISTEMA NERVIOSO,1787,244790,42150,17.22%
01/10/2022,2022,Oct,CADENA 1,SISTEMA DIGESTIVO,4751,244770,39455,16.12%
01/09/2022,2022,Sep,CADENA 2,SISTEMA RESPIRATORIO,2796,243428,47834,19.65%
01/04/2022,2022,Apr,CADENA 3,SISTEMA NERVIOSO,1816,243264,33511,13.78%
01/01/2022,2022,Jan,CADENA 2,NUTRICIÓN,2624,242761,32443,13.36%
01/01/2022,2022,Jan,CADENA 3,DERMATOLOGICOS,3180,241990,49032,20.26%
01/12/2022,2022,Dec,CADENA 2,SISTEMA DIGESTIVO,5045,241585,33558,13.89%
01/04/2022,2022,Apr,CADENA 2,SISTEMA NERVIOSO,1956,238235,33911,14.23%
01/08/2022,2022,Aug,CADENA 3,NUTRICIÓN,2781,237633,16952,7.13%
01/10/2022,2022,Oct,CADENA 3,SISTEMA DIGESTIVO,4421,236620,36580,15.46%
01/09/2022,2022,Sep,CADENA 1,SISTEMA DIGESTIVO,3912,236554,35991,15.21%
01/10/2022,2022,Oct,CADENA 2,SISTEMA NERVIOSO,1909,236307,35864,15.18%
01/02/2022,2022,Feb,CADENA 3,DERMATOLOGICOS,3033,234314,49785,21.25%
01/12/2022,2022,Dec,CADENA 3,DERMATOLOGICOS,2503,233803,49110,21.00%
01/06/2022,2022,Jun,CADENA 3,SISTEMA RESPIRATORIO,2443,233194,44454,19.06%
01/02/2022,2022,Feb,CADENA 2,SISTEMA NERVIOSO,1941,231638,35964,15.53%
01/02/2022,2022,Feb,CADENA 3,SISTEMA NERVIOSO,1909,231139,37519,16.23%
01/08/2022,2022,Aug,CADENA 2,SISTEMA NERVIOSO,1741,230872,38227,16.56%
01/03/2022,2022,Mar,CADENA 1,SISTEMA RESPIRATORIO,2454,229441,40951,17.85%
01/09/2022,2022,Sep,CADENA 3,SISTEMA NERVIOSO,1719,227665,32725,14.37%
01/09/2022,2022,Sep,CADENA 2,SISTEMA NERVIOSO,1742,226508,33249,14.68%
01/03/2022,2022,Mar,CADENA 2,SISTEMA RESPIRATORIO,2713,223604,43183,19.31%
01/04/2022,2022,Apr,CADENA 1,SISTEMA RESPIRATORIO,2464,222914,34932,15.67%
01/08/2022,2022,Aug,CADENA 1,SISTEMA RESPIRATORIO,2350,222576,39078,17.56%
01/08/2022,2022,Aug,CADENA 3,DERMATOLOGICOS,2297,222294,38071,17.13%
01/11/2022,2022,Nov,CADENA 3,DERMATOLOGICOS,2253,220445,48473,21.99%
01/09/2022,2022,Sep,CADENA 3,SISTEMA RESPIRATORIO,2241,219639,41325,18.81%
01/09/2022,2022,Sep,CADENA 3,SISTEMA DIGESTIVO,4022,217694,33002,15.16%
01/11/2022,2022,Nov,CADENA 2,SISTEMA DIGESTIVO,4478,216783,34046,15.71%
01/05/2022,2022,May,CADENA 3,SISTEMA RESPIRATORIO,2277,216411,37599,17.37%
01/07/2022,2022,Jul,CADENA 3,DERMATOLOGICOS,2197,215989,42883,19.85%
01/12/2022,2022,Dec,CADENA 3,NUTRICIÓN,1889,214351,16522,7.71%
01/06/2022,2022,Jun,CADENA 3,DERMATOLOGICOS,2239,214327,39825,18.58%
01/10/2022,2022,Oct,CADENA 3,NUTRICIÓN,1594,214017,28956,13.53%
01/08/2022,2022,Aug,CADENA 2,SISTEMA DIGESTIVO,4613,211302,35642,16.87%
01/04/2022,2022,Apr,CADENA 3,NUTRICIÓN,1438,209421,30471,14.55%
01/06/2022,2022,Jun,CADENA 2,SISTEMA RESPIRATORIO,2469,207055,39055,18.86%
01/10/2022,2022,Oct,CADENA 3,DERMATOLOGICOS,2089,206364,47573,23.05%
01/09/2022,2022,Sep,CADENA 3,DERMATOLOGICOS,2028,206137,44855,21.76%
01/09/2022,2022,Sep,CADENA 3,NUTRICIÓN,1637,202155,29568,14.63%
01/07/2022,2022,Jul,CADENA 2,NUTRICIÓN,2536,201998,16814,8.32%
01/06/2022,2022,Jun,CADENA 3,NUTRICIÓN,1559,200451,24892,12.42%
01/03/2022,2022,Mar,CADENA 2,NUTRICIÓN,2131,198782,26658,13.41%
01/03/2022,2022,Mar,CADENA 3,SISTEMA RESPIRATORIO,2197,198552,38587,19.43%
01/04/2022,2022,Apr,CADENA 3,SISTEMA RESPIRATORIO,2057,198513,33454,16.85%
01/02/2022,2022,Feb,CADENA 2,SISTEMA RESPIRATORIO,2385,196436,33147,16.87%
01/05/2022,2022,May,CADENA 2,SISTEMA RESPIRATORIO,2334,192724,33321,17.29%
01/02/2022,2022,Feb,CADENA 2,NUTRICIÓN,2383,189678,22224,11.72%
01/05/2022,2022,May,CADENA 2,NUTRICIÓN,2400,189652,12573,6.63%
01/02/2022,2022,Feb,CADENA 2,SISTEMA DIGESTIVO,3461,189017,33875,17.92%
01/08/2022,2022,Aug,CADENA 2,NUTRICIÓN,2598,187819,9272,4.94%
01/10/2022,2022,Oct,CADENA 2,SISTEMA DIGESTIVO,3448,186570,28546,15.30%
01/08/2022,2022,Aug,CADENA 3,SISTEMA RESPIRATORIO,1806,180608,32069,17.76%
01/09/2022,2022,Sep,CADENA 2,SISTEMA DIGESTIVO,3378,177513,26734,15.06%
01/04/2022,2022,Apr,CADENA 2,SISTEMA RESPIRATORIO,2129,168275,29447,17.50%
01/08/2022,2022,Aug,CADENA 2,SISTEMA RESPIRATORIO,1932,164988,30745,18.63%
01/04/2022,2022,Apr,CADENA 2,NUTRICIÓN,1712,162783,22090,13.57%
01/12/2022,2022,Dec,CADENA 2,NUTRICIÓN,1685,162140,17829,11.00%
01/08/2022,2022,Aug,CADENA 2,SISTEMA GENITOURINARIO,705,161996,13750,8.49%
01/11/2022,2022,Nov,CADENA 2,NUTRICIÓN,1826,156611,13738,8.77%
01/09/2022,2022,Sep,CADENA 2,SISTEMA GENITOURINARIO,681,155479,10776,6.93%
01/10/2022,2022,Oct,CADENA 2,SISTEMA GENITOURINARIO,672,155123,11731,7.56%
01/06/2022,2022,Jun,CADENA 2,NUTRICIÓN,1738,153717,18156,11.81%
01/10/2022,2022,Oct,CADENA 2,NUTRICIÓN,1528,153496,18544,12.08%
01/12/2022,2022,Dec,CADENA 2,SUPLEMENTO ALIMENTICIO,198,137482,12270,8.92%
01/03/2022,2022,Mar,CADENA 2,SISTEMA GENITOURINARIO,508,136093,15505,11.39%
01/02/2022,2022,Feb,CADENA 2,SISTEMA GENITOURINARIO,516,129403,15911,12.30%
01/12/2022,2022,Dec,CADENA 2,SISTEMA GENITOURINARIO,563,128995,11548,8.95%
01/05/2022,2022,May,CADENA 2,SISTEMA GENITOURINARIO,486,127235,16249,12.77%
01/11/2022,2022,Nov,CADENA 2,SISTEMA GENITOURINARIO,551,125578,10172,8.10%
01/04/2022,2022,Apr,CADENA 2,SISTEMA GENITOURINARIO,470,125407,15871,12.66%
01/09/2022,2022,Sep,CADENA 2,NUTRICIÓN,1335,124350,16944,13.63%
01/11/2022,2022,Nov,CADENA 2,SUPLEMENTO ALIMENTICIO,174,120318,11367,9.45%
01/06/2022,2022,Jun,CADENA 2,SISTEMA GENITOURINARIO,434,105658,10329,9.78%
01/07/2022,2022,Jul,CADENA 2,SISTEMA GENITOURINARIO,391,104050,13827,13.29%
01/01/2022,2022,Jan,CADENA 1,OTRAS TERAPIAS,771,101821,13530,13.29%
01/01/2022,2022,Jan,CADENA 2,SISTEMA GENITOURINARIO,367,101405,14192,14.00%
01/12/2022,2022,Dec,CADENA 1,OTRAS TERAPIAS,694,100375,13988,13.94%
01/10/2022,2022,Oct,CADENA 2,SUPLEMENTO ALIMENTICIO,140,94156,8775,9.32%
01/07/2022,2022,Jul,CADENA 1,OTRAS TERAPIAS,650,89957,9757,10.85%
01/08/2022,2022,Aug,CADENA 1,OTRAS TERAPIAS,659,87591,8141,9.29%
01/03/2022,2022,Mar,CADENA 1,OTRAS TERAPIAS,631,84673,12968,15.32%
01/05/2022,2022,May,CADENA 1,OFTALMOLOGICOS,440,84190,12357,14.68%
01/04/2022,2022,Apr,CADENA 1,OTRAS TERAPIAS,633,83210,8350,10.03%
01/08/2022,2022,Aug,CADENA 2,SUPLEMENTO ALIMENTICIO,124,82930,5761,6.95%
01/03/2022,2022,Mar,CADENA 1,OFTALMOLOGICOS,483,82602,12122,14.68%
01/09/2022,2022,Sep,CADENA 1,OTRAS TERAPIAS,568,82149,11949,14.55%
01/06/2022,2022,Jun,CADENA 1,OTRAS TERAPIAS,601,82047,8857,10.80%
01/05/2022,2022,May,CADENA 1,OTRAS TERAPIAS,625,81334,10930,13.44%
01/10/2022,2022,Oct,CADENA 1,OTRAS TERAPIAS,524,78300,13916,17.77%
01/02/2022,2022,Feb,CADENA 1,OTRAS TERAPIAS,606,76725,9512,12.40%
01/06/2022,2022,Jun,CADENA 1,OFTALMOLOGICOS,447,74745,11664,15.61%
01/04/2022,2022,Apr,CADENA 1,OFTALMOLOGICOS,465,73789,10341,14.01%
01/12/2022,2022,Dec,CADENA 1,OFTALMOLOGICOS,463,73415,10428,14.20%
01/01/2022,2022,Jan,CADENA 1,OFTALMOLOGICOS,458,71340,11318,15.86%
01/09/2022,2022,Sep,CADENA 2,SUPLEMENTO ALIMENTICIO,104,69972,4363,6.24%
01/03/2022,2022,Mar,CADENA 1,DERMATOLOGICOS,905,69893,15457,22.12%
01/02/2022,2022,Feb,CADENA 1,OFTALMOLOGICOS,421,69057,9343,13.53%
01/07/2022,2022,Jul,CADENA 1,OFTALMOLOGICOS,405,68091,10922,16.04%
01/08/2022,2022,Aug,CADENA 1,OFTALMOLOGICOS,437,66951,8846,13.21%
01/07/2022,2022,Jul,CADENA 2,SUPLEMENTO ALIMENTICIO,96,66181,7239,10.94%
01/03/2022,2022,Mar,CADENA 2,SUPLEMENTO ALIMENTICIO,105,64646,4543,7.03%
01/06/2022,2022,Jun,CADENA 2,SUPLEMENTO ALIMENTICIO,94,63305,7350,11.61%
01/10/2022,2022,Oct,CADENA 1,OFTALMOLOGICOS,368,61977,8656,13.97%
01/01/2022,2022,Jan,CADENA 1,DERMATOLOGICOS,851,61906,11953,19.31%
01/02/2022,2022,Feb,CADENA 2,SUPLEMENTO ALIMENTICIO,97,61552,4243,6.89%
01/04/2022,2022,Apr,CADENA 2,SUPLEMENTO ALIMENTICIO,90,61436,8400,13.67%
01/04/2022,2022,Apr,CADENA 1,DERMATOLOGICOS,689,60717,12362,20.36%
01/09/2022,2022,Sep,CADENA 1,OFTALMOLOGICOS,355,60341,7378,12.23%
01/11/2022,2022,Nov,CADENA 3,SISTEMA GENITOURINARIO,268,59366,4800,8.09%
01/05/2022,2022,May,CADENA 1,DERMATOLOGICOS,651,58714,10314,17.57%
01/08/2022,2022,Aug,CADENA 1,DERMATOLOGICOS,581,58425,9177,15.71%
01/12/2022,2022,Dec,CADENA 1,DERMATOLOGICOS,616,57506,10648,18.52%
01/07/2022,2022,Jul,CADENA 1,DERMATOLOGICOS,569,56023,10367,18.50%
01/02/2022,2022,Feb,CADENA 1,DERMATOLOGICOS,739,55588,11484,20.66%
01/10/2022,2022,Oct,CADENA 3,SISTEMA GENITOURINARIO,239,55334,4244,7.67%
01/05/2022,2022,May,CADENA 2,SUPLEMENTO ALIMENTICIO,79,54439,6527,11.99%
01/09/2022,2022,Sep,CADENA 1,DERMATOLOGICOS,545,54016,9777,18.10%
01/10/2022,2022,Oct,CADENA 1,DERMATOLOGICOS,542,53795,10003,18.59%
01/12/2022,2022,Dec,CADENA 3,SISTEMA GENITOURINARIO,250,52931,3852,7.28%
01/03/2022,2022,Mar,CADENA 2,DERMATOLOGICOS,629,51102,11111,21.74%
01/01/2022,2022,Jan,CADENA 2,OTRAS TERAPIAS,408,50290,6651,13.23%
01/04/2022,2022,Apr,CADENA 3,OFTALMOLOGICOS,267,50022,7878,15.75%
01/05/2022,2022,May,CADENA 3,SISTEMA GENITOURINARIO,170,49861,6509,13.05%
01/06/2022,2022,Jun,CADENA 1,DERMATOLOGICOS,532,49616,9877,19.91%
01/03/2022,2022,Mar,CADENA 3,OFTALMOLOGICOS,270,48956,9859,20.14%
01/03/2022,2022,Mar,CADENA 3,SISTEMA GENITOURINARIO,175,47525,6199,13.04%
01/01/2022,2022,Jan,CADENA 3,OFTALMOLOGICOS,232,47430,8902,18.77%
01/01/2022,2022,Jan,CADENA 1,OTRAS TERAPIAS,323,46667,5952,12.75%
01/05/2022,2022,May,CADENA 3,OFTALMOLOGICOS,231,46537,8259,17.75%
01/03/2022,2022,Mar,CADENA 1,OTRAS TERAPIAS,308,46371,7130,15.38%
01/04/2022,2022,Apr,CADENA 3,SISTEMA GENITOURINARIO,160,46145,6050,13.11%
01/08/2022,2022,Aug,CADENA 1,OTRAS TERAPIAS,309,45994,3745,8.14%
01/06/2022,2022,Jun,CADENA 3,OFTALMOLOGICOS,229,45734,8419,18.41%
01/12/2022,2022,Dec,CADENA 3,OFTALMOLOGICOS,257,45182,6611,14.63%
01/07/2022,2022,Jul,CADENA 2,OTRAS TERAPIAS,361,44780,5215,11.65%
01/02/2022,2022,Feb,CADENA 1,OTRAS TERAPIAS,288,44668,5458,12.22%
01/01/2022,2022,Jan,CADENA 2,DERMATOLOGICOS,552,44371,8764,19.75%
01/08/2022,2022,Aug,CADENA 3,SISTEMA GENITOURINARIO,159,44301,5532,12.49%
01/10/2022,2022,Oct,CADENA 1,OTRAS TERAPIAS,282,42295,6920,16.36%
01/03/2022,2022,Mar,CADENA 2,OTRAS TERAPIAS,335,42096,7509,17.84%
01/07/2022,2022,Jul,CADENA 1,OTRAS TERAPIAS,295,42033,4257,10.13%
01/05/2022,2022,May,CADENA 2,OTRAS TERAPIAS,345,41802,5153,12.33%
01/08/2022,2022,Aug,CADENA 2,OTRAS TERAPIAS,333,41712,4545,10.90%
01/12/2022,2022,Dec,CADENA 2,OTRAS TERAPIAS,319,41612,4295,10.32%
01/08/2022,2022,Aug,CADENA 3,OFTALMOLOGICOS,221,41478,6701,16.16%
01/05/2022,2022,May,CADENA 1,OFTALMOLOGICOS,200,41406,6336,15.30%
01/07/2022,2022,Jul,CADENA 3,SISTEMA GENITOURINARIO,154,40874,4936,12.08%
01/12/2022,2022,Dec,CADENA 1,OTRAS TERAPIAS,264,40853,4900,11.99%
01/03/2022,2022,Mar,CADENA 1,OFTALMOLOGICOS,223,40657,7127,17.53%
01/12/2022,2022,Dec,CADENA 3,SUPLEMENTO ALIMENTICIO,58,40345,3313,8.21%
01/02/2022,2022,Feb,CADENA 3,OFTALMOLOGICOS,214,40182,7283,18.13%
01/04/2022,2022,Apr,CADENA 2,DERMATOLOGICOS,484,39928,8024,20.10%
01/05/2022,2022,May,CADENA 2,DERMATOLOGICOS,446,39664,6110,15.40%
01/02/2022,2022,Feb,CADENA 2,OTRAS TERAPIAS,320,39301,5242,13.34%
01/05/2022,2022,May,CADENA 1,OTRAS TERAPIAS,278,39188,5191,13.25%
01/08/2022,2022,Aug,CADENA 2,DERMATOLOGICOS,400,38928,4797,12.32%
01/10/2022,2022,Oct,CADENA 3,OFTALMOLOGICOS,213,38594,6208,16.09%
01/05/2022,2022,May,CADENA 3,OTRAS TERAPIAS,243,38303,5348,13.96%
01/06/2022,2022,Jun,CADENA 3,SISTEMA GENITOURINARIO,134,38263,4038,10.55%
01/04/2022,2022,Apr,CADENA 1,OFTALMOLOGICOS,212,38193,5993,15.69%
01/04/2022,2022,Apr,CADENA 2,OTRAS TERAPIAS,317,38025,4838,12.72%
01/10/2022,2022,Oct,CADENA 2,OTRAS TERAPIAS,282,37718,5809,15.40%
01/11/2022,2022,Nov,CADENA 2,OTRAS TERAPIAS,293,37672,4557,12.10%
01/06/2022,2022,Jun,CADENA 2,OTRAS TERAPIAS,305,37530,4276,11.39%
01/07/2022,2022,Jul,CADENA 2,DERMATOLOGICOS,380,37526,7572,20.18%
01/07/2022,2022,Jul,CADENA 3,OFTALMOLOGICOS,198,37522,6339,16.89%
01/01/2022,2022,Jan,CADENA 2,SUPLEMENTO ALIMENTICIO,59,37229,4771,12.82%
01/09/2022,2022,Sep,CADENA 1,OTRAS TERAPIAS,244,36985,4958,13.41%
01/03/2022,2022,Mar,CADENA 3,DERMATOLOGICOS,441,36817,8284,22.50%
01/01/2022,2022,Jan,CADENA 3,SISTEMA GENITOURINARIO,119,36114,5345,14.80%
01/08/2022,2022,Aug,CADENA 1,OFTALMOLOGICOS,177,35995,5707,15.85%
01/01/2022,2022,Jan,CADENA 1,OFTALMOLOGICOS,190,35992,6394,17.77%
01/04/2022,2022,Apr,CADENA 1,OTRAS TERAPIAS,246,35766,3884,10.86%
01/09/2022,2022,Sep,CADENA 3,OTRAS TERAPIAS,236,35671,4560,12.78%
01/09/2022,2022,Sep,CADENA 3,OFTALMOLOGICOS,182,35541,5717,16.09%
01/09/2022,2022,Sep,CADENA 2,OTRAS TERAPIAS,275,35481,4766,13.43%
01/06/2022,2022,Jun,CADENA 1,OFTALMOLOGICOS,178,34439,5726,16.63%
01/03/2022,2022,Mar,CADENA 3,OTRAS TERAPIAS,234,33809,5563,16.45%
01/01/2022,2022,Jan,CADENA 3,OTRAS TERAPIAS,235,33650,4644,13.80%
01/06/2022,2022,Jun,CADENA 1,OTRAS TERAPIAS,230,33580,3542,10.55%
01/08/2022,2022,Aug,CADENA 3,OTRAS TERAPIAS,215,33323,2835,8.51%
01/10/2022,2022,Oct,CADENA 3,SUPLEMENTO ALIMENTICIO,50,33140,2494,7.53%
01/12/2022,2022,Dec,CADENA 2,DERMATOLOGICOS,358,33072,6408,19.38%
01/09/2022,2022,Sep,CADENA 3,SISTEMA GENITOURINARIO,129,32951,3262,9.90%
01/06/2022,2022,Jun,CADENA 2,DERMATOLOGICOS,340,32817,5507,16.78%
01/02/2022,2022,Feb,CADENA 2,DERMATOLOGICOS,421,32805,6793,20.71%
01/06/2022,2022,Jun,CADENA 3,OTRAS TERAPIAS,229,32385,3440,10.62%
01/03/2022,2022,Mar,CADENA 1,DERMATOLOGICOS,396,32341,6970,21.55%
01/02/2022,2022,Feb,CADENA 3,SISTEMA GENITOURINARIO,107,32250,4913,15.23%
01/04/2022,2022,Apr,CADENA 1,DERMATOLOGICOS,382,31405,6514,20.74%
01/10/2022,2022,Oct,CADENA 2,DERMATOLOGICOS,293,31240,6900,22.09%
01/12/2022,2022,Dec,CADENA 3,OTRAS TERAPIAS,209,30968,3373,10.89%
01/11/2022,2022,Nov,CADENA 2,DERMATOLOGICOS,306,30663,6085,19.84%
01/01/2022,2022,Jan,CADENA 3,DERMATOLOGICOS,429,30588,6394,20.90%
01/10/2022,2022,Oct,CADENA 3,OTRAS TERAPIAS,202,30534,4212,13.79%
01/07/2022,2022,Jul,CADENA 3,OTRAS TERAPIAS,200,30213,3106,10.28%
01/09/2022,2022,Sep,CADENA 2,DERMATOLOGICOS,288,30087,6431,21.37%
01/05/2022,2022,May,CADENA 2,OFTALMOLOGICOS,232,29821,4959,16.63%
01/07/2022,2022,Jul,CADENA 1,OFTALMOLOGICOS,152,29724,5391,18.14%
01/08/2022,2022,Aug,CADENA 3,SUPLEMENTO ALIMENTICIO,46,29716,1882,6.33%
01/02/2022,2022,Feb,CADENA 1,DERMATOLOGICOS,387,29626,6079,20.52%
01/04/2022,2022,Apr,CADENA 3,DERMATOLOGICOS,376,29117,6368,21.87%
01/02/2022,2022,Feb,CADENA 3,OTRAS TERAPIAS,216,29058,4229,14.55%
01/12/2022,2022,Dec,CADENA 1,OFTALMOLOGICOS,158,28771,4798,16.68%
01/09/2022,2022,Sep,CADENA 1,DERMATOLOGICOS,243,28349,6349,22.40%
01/05/2022,2022,May,CADENA 3,DERMATOLOGICOS,309,28264,4881,17.27%
01/09/2022,2022,Sep,CADENA 3,SUPLEMENTO ALIMENTICIO,42,27616,1473,5.33%
01/01/2022,2022,Jan,CADENA 1,DERMATOLOGICOS,375,27580,5288,19.17%
01/03/2022,2022,Mar,CADENA 2,OFTALMOLOGICOS,217,27523,5293,19.23%
01/10/2022,2022,Oct,CADENA 3,DERMATOLOGICOS,253,27156,6003,22.11%
01/07/2022,2022,Jul,CADENA 2,OFTALMOLOGICOS,213,26805,4986,18.60%
01/08/2022,2022,Aug,CADENA 3,DERMATOLOGICOS,253,26148,4220,16.14%
01/04/2022,2022,Apr,CADENA 3,OTRAS TERAPIAS,200,26140,3626,13.87%
01/02/2022,2022,Feb,CADENA 3,DERMATOLOGICOS,336,26090,5561,21.31%
01/09/2022,2022,Sep,CADENA 1,OFTALMOLOGICOS,123,25641,4581,17.87%
01/09/2022,2022,Sep,CADENA 3,DERMATOLOGICOS,255,25466,5380,21.13%
01/10/2022,2022,Oct,CADENA 1,DERMATOLOGICOS,250,25080,5630,22.45%
01/02/2022,2022,Feb,CADENA 1,OFTALMOLOGICOS,152,24975,4358,17.45%
01/05/2022,2022,May,CADENA 1,DERMATOLOGICOS,283,24934,4637,18.60%
01/08/2022,2022,Aug,CADENA 1,DERMATOLOGICOS,253,24763,4054,16.37%
01/12/2022,2022,Dec,CADENA 1,DERMATOLOGICOS,263,24586,4609,18.75%
01/06/2022,2022,Jun,CADENA 3,DERMATOLOGICOS,239,24392,4774,19.57%
01/07/2022,2022,Jul,CADENA 1,DERMATOLOGICOS,228,23566,4867,20.65%
01/06/2022,2022,Jun,CADENA 1,DERMATOLOGICOS,237,23482,4140,17.63%
01/05/2022,2022,May,CADENA 3,SUPLEMENTO ALIMENTICIO,36,23131,2712,11.72%
01/10/2022,2022,Oct,CADENA 1,OFTALMOLOGICOS,150,22677,4100,18.08%
01/12/2022,2022,Dec,CADENA 3,DERMATOLOGICOS,246,22556,4392,19.47%
01/06/2022,2022,Jun,CADENA 2,OFTALMOLOGICOS,190,22126,3677,16.62%
01/08/2022,2022,Aug,CADENA 2,OFTALMOLOGICOS,175,21795,3843,17.63%
01/01/2022,2022,Jan,CADENA 2,OFTALMOLOGICOS,187,21754,4041,18.58%
01/07/2022,2022,Jul,CADENA 3,DERMATOLOGICOS,215,21557,4385,20.34%
01/02/2022,2022,Feb,CADENA 1,SISTEMA GENITOURINARIO,95,20211,2679,13.26%
01/07/2022,2022,Jul,CADENA 3,SUPLEMENTO ALIMENTICIO,32,20186,2113,10.47%
01/12/2022,2022,Dec,CADENA 1,SUPLEMENTO ALIMENTICIO,28,19940,1694,8.50%
01/09/2022,2022,Sep,CADENA 2,OFTALMOLOGICOS,138,19256,3733,19.39%
01/02/2022,2022,Feb,CADENA 2,OFTALMOLOGICOS,157,19110,3454,18.07%
01/04/2022,2022,Apr,CADENA 2,OFTALMOLOGICOS,175,18969,3071,16.19%
01/03/2022,2022,Mar,CADENA 3,SUPLEMENTO ALIMENTICIO,27,18344,2279,12.42%
01/10/2022,2022,Oct,CADENA 2,OFTALMOLOGICOS,150,18156,3415,18.81%
01/11/2022,2022,Nov,CADENA 2,OFTALMOLOGICOS,134,17935,3514,19.59%
01/12/2022,2022,Dec,CADENA 2,OFTALMOLOGICOS,142,17423,3531,20.27%
01/03/2022,2022,Mar,CADENA 1,SISTEMA GENITOURINARIO,74,16004,1976,12.35%
01/04/2022,2022,Apr,CADENA 1,SISTEMA GENITOURINARIO,72,15951,1870,11.72%
01/06/2022,2022,Jun,CADENA 1,SISTEMA GENITOURINARIO,77,15922,1178,7.40%
01/04/2022,2022,Apr,CADENA 3,SUPLEMENTO ALIMENTICIO,24,15862,2522,15.90%
01/10/2022,2022,Oct,CADENA 1,SUPLEMENTO ALIMENTICIO,23,15796,1496,9.47%
01/12/2022,2022,Dec,CADENA 1,SUPLEMENTO ALIMENTICIO,23,15772,1478,9.37%
01/08/2022,2022,Aug,CADENA 1,SISTEMA GENITOURINARIO,65,15190,1334,8.78%
01/06/2022,2022,Jun,CADENA 3,SUPLEMENTO ALIMENTICIO,22,14966,1423,9.51%
01/10/2022,2022,Oct,CADENA 1,SISTEMA GENITOURINARIO,70,14550,1086,7.46%
01/07/2022,2022,Jul,CADENA 1,SISTEMA GENITOURINARIO,65,13506,1668,12.35%
01/05/2022,2022,May,CADENA 1,SISTEMA GENITOURINARIO,61,12870,1293,10.05%
01/02/2022,2022,Feb,CADENA 3,SUPLEMENTO ALIMENTICIO,19,11914,1855,15.57%
01/07/2022,2022,Jul,CADENA 1,SISTEMA GENITOURINARIO,33,11508,1457,12.66%
01/12/2022,2022,Dec,CADENA 1,SISTEMA GENITOURINARIO,59,11434,731,6.39%
01/10/2022,2022,Oct,CADENA 3,SISTEMA GENITOURINARIO,28,11321,1746,15.42%
01/09/2022,2022,Sep,CADENA 1,SUPLEMENTO ALIMENTICIO,16,10733,664,6.19%
01/03/2022,2022,Mar,CADENA 1,SISTEMA GENITOURINARIO,34,10057,1456,14.48%
01/09/2022,2022,Sep,CADENA 1,SISTEMA GENITOURINARIO,43,9660,613,6.35%
01/10/2022,2022,Oct,CADENA 1,SISTEMA GENITOURINARIO,28,9524,940,9.87%
01/01/2022,2022,Jan,CADENA 3,SUPLEMENTO ALIMENTICIO,16,9316,1965,21.09%
01/08/2022,2022,Aug,CADENA 1,SISTEMA GENITOURINARIO,28,9035,1177,13.03%
01/01/2022,2022,Jan,CADENA 1,SISTEMA GENITOURINARIO,24,9025,1488,16.49%
01/08/2022,2022,Aug,CADENA 1,SUPLEMENTO ALIMENTICIO,13,8978,651,7.25%
01/05/2022,2022,May,CADENA 3,SISTEMA GENITOURINARIO,25,8813,1248,14.16%
01/05/2022,2022,May,CADENA 1,SISTEMA GENITOURINARIO,32,8793,1199,13.64%
01/12/2022,2022,Dec,CADENA 3,SUPLEMENTO ALIMENTICIO,12,8578,717,8.36%
01/12/2022,2022,Dec,CADENA 1,SISTEMA GENITOURINARIO,32,8513,830,9.75%
01/01/2022,2022,Jan,CADENA 1,SISTEMA GENITOURINARIO,38,7522,1120,14.89%
01/09/2022,2022,Sep,CADENA 1,SISTEMA GENITOURINARIO,25,7408,674,9.10%
01/06/2022,2022,Jun,CADENA 1,SISTEMA GENITOURINARIO,23,7342,770,10.49%
01/04/2022,2022,Apr,CADENA 1,SISTEMA GENITOURINARIO,21,7333,1020,13.91%
01/09/2022,2022,Sep,CADENA 3,SISTEMA GENITOURINARIO,25,7238,1191,16.45%
01/03/2022,2022,Mar,CADENA 3,SISTEMA GENITOURINARIO,21,6633,1093,16.48%
01/08/2022,2022,Aug,CADENA 3,SISTEMA GENITOURINARIO,21,6596,1099,16.66%
01/07/2022,2022,Jul,CADENA 3,SISTEMA GENITOURINARIO,16,6547,1467,22.41%
01/06/2022,2022,Jun,CADENA 1,SUPLEMENTO ALIMENTICIO,9,6424,618,9.62%
01/08/2022,2022,Aug,CADENA 1,SUPLEMENTO ALIMENTICIO,9,6281,410,6.53%
01/12/2022,2022,Dec,CADENA 3,SISTEMA GENITOURINARIO,20,6253,856,13.69%
01/02/2022,2022,Feb,CADENA 1,SISTEMA GENITOURINARIO,18,6102,817,13.39%
01/10/2022,2022,Oct,CADENA 1,SUPLEMENTO ALIMENTICIO,8,5655,391,6.91%
01/08/2022,2022,Aug,CADENA 3,SUPLEMENTO ALIMENTICIO,8,5597,405,7.24%
01/07/2022,2022,Jul,CADENA 1,SUPLEMENTO ALIMENTICIO,7,5201,602,11.57%
01/09/2022,2022,Sep,CADENA 3,SUPLEMENTO ALIMENTICIO,7,4797,182,3.79%
01/04/2022,2022,Apr,CADENA 3,SISTEMA GENITOURINARIO,13,3978,655,16.47%
01/06/2022,2022,Jun,CADENA 2,SISTEMA GENITOURINARIO,26,3976,277,6.97%
01/04/2022,2022,Apr,CADENA 2,SISTEMA GENITOURINARIO,24,3842,529,13.77%
01/07/2022,2022,Jul,CADENA 3,SUPLEMENTO ALIMENTICIO,5,3739,715,19.12%
01/05/2022,2022,May,CADENA 2,SISTEMA GENITOURINARIO,21,3677,607,16.51%
01/01/2022,2022,Jan,CADENA 3,SISTEMA GENITOURINARIO,14,3586,666,18.57%
01/08/2022,2022,Aug,CADENA 2,SISTEMA GENITOURINARIO,20,3455,441,12.76%
01/09/2022,2022,Sep,CADENA 2,SISTEMA GENITOURINARIO,22,3443,447,12.98%
01/02/2022,2022,Feb,CADENA 3,SISTEMA GENITOURINARIO,11,3366,593,17.62%
01/02/2022,2022,Feb,CADENA 1,SUPLEMENTO ALIMENTICIO,6,3366,552,16.40%
01/01/2022,2022,Jan,CADENA 1,SUPLEMENTO ALIMENTICIO,4,2990,632,21.14%
01/07/2022,2022,Jul,CADENA 2,SISTEMA GENITOURINARIO,17,2916,423,14.51%
01/07/2022,2022,Jul,CADENA 1,SUPLEMENTO ALIMENTICIO,4,2855,510,17.86%
01/05/2022,2022,May,CADENA 1,SUPLEMENTO ALIMENTICIO,5,2844,385,13.54%
01/10/2022,2022,Oct,CADENA 3,SUPLEMENTO ALIMENTICIO,4,2800,221,7.89%
01/06/2022,2022,Jun,CADENA 3,SISTEMA GENITOURINARIO,13,2778,427,15.37%
01/09/2022,2022,Sep,CADENA 1,SUPLEMENTO ALIMENTICIO,4,2741,145,5.29%
01/10/2022,2022,Oct,CADENA 2,SISTEMA GENITOURINARIO,16,2645,314,11.87%
01/04/2022,2022,Apr,CADENA 3,SUPLEMENTO ALIMENTICIO,4,2412,649,26.91%
01/01/2022,2022,Jan,CADENA 2,SISTEMA GENITOURINARIO,13,2264,373,16.48%
01/01/2022,2022,Jan,CADENA 1,SUPLEMENTO ALIMENTICIO,3,2261,591,26.14%
01/04/2022,2022,Apr,CADENA 1,SUPLEMENTO ALIMENTICIO,3,2197,410,18.66%
01/04/2022,2022,Apr,CADENA 1,SUPLEMENTO ALIMENTICIO,3,2197,383,17.43%
01/06/2022,2022,Jun,CADENA 1,SUPLEMENTO ALIMENTICIO,3,2141,207,9.67%
01/09/2022,2022,Sep,CADENA 2,SUPLEMENTO ALIMENTICIO,3,2056,105,5.11%
01/11/2022,2022,Nov,CADENA 2,SISTEMA GENITOURINARIO,10,1770,206,11.64%
01/03/2022,2022,Mar,CADENA 3,SUPLEMENTO ALIMENTICIO,3,1683,311,18.48%
01/12/2022,2022,Dec,CADENA 2,SISTEMA GENITOURINARIO,12,1648,143,8.68%
01/01/2022,2022,Jan,CADENA 3,SUPLEMENTO ALIMENTICIO,2,1499,443,29.55%
01/02/2022,2022,Feb,CADENA 2,SISTEMA GENITOURINARIO,10,1497,283,18.90%
01/03/2022,2022,Mar,CADENA 2,SISTEMA GENITOURINARIO,13,1488,149,10.01%
01/05/2022,2022,May,CADENA 1,SUPLEMENTO ALIMENTICIO,2,1466,294,20.05%
01/02/2022,2022,Feb,CADENA 3,SUPLEMENTO ALIMENTICIO,2,1465,409,27.92%
01/02/2022,2022,Feb,CADENA 1,SUPLEMENTO ALIMENTICIO,2,1465,206,14.06%
01/03/2022,2022,Mar,CADENA 1,SUPLEMENTO ALIMENTICIO,2,1465,292,19.93%
01/06/2022,2022,Jun,CADENA 2,SUPLEMENTO ALIMENTICIO,2,1428,372,26.05%
01/10/2022,2022,Oct,CADENA 2,SUPLEMENTO ALIMENTICIO,2,1426,85,5.96%
01/12/2022,2022,Dec,CADENA 2,SUPLEMENTO ALIMENTICIO,2,1422,99,6.96%
01/03/2022,2022,Mar,CADENA 1,SUPLEMENTO ALIMENTICIO,3,1397,237,16.96%
01/06/2022,2022,Jun,CADENA 3,SUPLEMENTO ALIMENTICIO,1,714,186,26.05%
01/11/2022,2022,Nov,CADENA 2,SUPLEMENTO ALIMENTICIO,1,711,32,4.50%
01/08/2022,2022,Aug,CADENA 2,SUPLEMENTO ALIMENTICIO,1,684,5,0.73%
01/05/2022,2022,May,CADENA 3,SUPLEMENTO ALIMENTICIO,1,216,38,17.59%
01/12/2023,2023,Dec,CADENA 2,SISTEMA RESPIRATORIO,148352,11917476,1684625,14.14%
01/01/2023,2023,Jan,CADENA 2,SISTEMA RESPIRATORIO,110189,8587092,1187049,13.82%
01/07/2023,2023,Jul,CADENA 2,SISTEMA DIGESTIVO,210725,8004577,950720,11.88%
01/06/2023,2023,Jun,CADENA 2,SISTEMA DIGESTIVO,210077,7896796,1222645,15.48%
01/11/2023,2023,Nov,CADENA 2,SISTEMA RESPIRATORIO,97579,7712420,1147036,14.87%
01/05/2023,2023,May,CADENA 2,SISTEMA DIGESTIVO,186785,7545792,994318,13.18%
01/03/2023,2023,Mar,CADENA 2,SISTEMA RESPIRATORIO,77542,7138577,1221198,17.11%
01/08/2023,2023,Aug,CADENA 2,SISTEMA DIGESTIVO,163641,7133875,1054509,14.78%
01/02/2023,2023,Feb,CADENA 2,SISTEMA RESPIRATORIO,78391,6898989,1152674,16.71%
01/05/2023,2023,May,CADENA 2,SISTEMA RESPIRATORIO,72479,6898045,1272360,18.45%
01/12/2023,2023,Dec,CADENA 2,SISTEMA NERVIOSO,53213,6795506,855520,12.59%
01/01/2023,2023,Jan,CADENA 2,SISTEMA NERVIOSO,52509,6599485,771025,11.68%
01/07/2023,2023,Jul,CADENA 2,SISTEMA NERVIOSO,46002,6525074,927134,14.21%
01/01/2023,2023,Jan,CADENA 2,SISTEMA DIGESTIVO,115131,6433993,963852,14.98%
01/05/2023,2023,May,CADENA 2,SISTEMA NERVIOSO,46467,6412157,754416,11.77%
01/03/2023,2023,Mar,CADENA 2,SISTEMA NERVIOSO,49215,6345695,733722,11.56%
01/04/2023,2023,Apr,CADENA 2,SISTEMA DIGESTIVO,157407,6334113,682610,10.78%
01/03/2023,2023,Mar,CADENA 2,SISTEMA DIGESTIVO,130394,6082004,826982,13.60%
01/12/2023,2023,Dec,CADENA 2,SISTEMA DIGESTIVO,118441,6075823,869154,14.31%
01/04/2023,2023,Apr,CADENA 2,SISTEMA RESPIRATORIO,65456,6072600,1047115,17.24%
01/06/2023,2023,Jun,CADENA 2,SISTEMA NERVIOSO,43449,6034962,902594,14.96%
01/09/2023,2023,Sep,CADENA 2,SISTEMA DIGESTIVO,128020,5940739,845324,14.23%
01/08/2023,2023,Aug,CADENA 2,SISTEMA NERVIOSO,41230,5912268,794975,13.45%
01/11/2023,2023,Nov,CADENA 2,SISTEMA NERVIOSO,44188,5843379,813959,13.93%
01/07/2023,2023,Jul,CADENA 2,SISTEMA RESPIRATORIO,61723,5803919,1079163,18.59%
01/09/2023,2023,Sep,CADENA 2,SISTEMA NERVIOSO,43117,5786343,753553,13.02%
01/09/2023,2023,Sep,CADENA 2,SISTEMA RESPIRATORIO,62611,5709966,1040185,18.22%
01/04/2023,2023,Apr,CADENA 2,SISTEMA NERVIOSO,42942,5628448,574787,10.21%
01/02/2023,2023,Feb,CADENA 2,SISTEMA NERVIOSO,41668,5617277,743744,13.24%
01/02/2023,2023,Feb,CADENA 2,SISTEMA DIGESTIVO,102710,5566119,624302,11.22%
01/06/2023,2023,Jun,CADENA 2,SISTEMA RESPIRATORIO,55183,5375372,1042441,19.39%
01/11/2023,2023,Nov,CADENA 2,SISTEMA DIGESTIVO,99005,5288715,882203,16.68%
01/03/2023,2023,Mar,CADENA 2,NUTRICIÓN,31581,5279310,658717,12.48%
01/07/2023,2023,Jul,CADENA 2,NUTRICIÓN,31341,5206137,267347,5.14%
01/12/2023,2023,Dec,CADENA 2,NUTRICIÓN,35488,5124736,492860,9.62%
01/05/2023,2023,May,CADENA 2,NUTRICIÓN,30822,5119793,466066,9.10%
01/01/2023,2023,Jan,CADENA 2,NUTRICIÓN,33423,5114178,484457,9.47%
01/08/2023,2023,Aug,CADENA 2,NUTRICIÓN,27452,4876237,490739,10.06%
01/02/2023,2023,Feb,CADENA 2,NUTRICIÓN,29974,4832889,424355,8.78%
01/12/2023,2023,Dec,CADENA 3,SISTEMA RESPIRATORIO,52218,4779647,695148,14.54%
01/08/2023,2023,Aug,CADENA 2,SISTEMA RESPIRATORIO,51694,4756134,896274,18.84%
01/09/2023,2023,Sep,CADENA 2,NUTRICIÓN,28148,4742304,556797,11.74%
01/06/2023,2023,Jun,CADENA 2,NUTRICIÓN,27897,4683917,577397,12.33%
01/04/2023,2023,Apr,CADENA 2,NUTRICIÓN,25713,4463951,549357,12.31%
01/11/2023,2023,Nov,CADENA 2,NUTRICIÓN,29610,4461393,598614,13.42%
01/01/2023,2023,Jan,CADENA 3,SISTEMA RESPIRATORIO,37909,3341403,505983,15.14%
01/06/2023,2023,Jun,CADENA 3,SISTEMA DIGESTIVO,80934,3300358,485982,14.73%
01/11/2023,2023,Nov,CADENA 3,SISTEMA RESPIRATORIO,35813,3194501,493314,15.44%
01/05/2023,2023,May,CADENA 3,SISTEMA DIGESTIVO,67836,2957384,348664,11.79%
01/03/2023,2023,Mar,CADENA 3,SISTEMA RESPIRATORIO,28032,2838260,479027,16.88%
01/07/2023,2023,Jul,CADENA 3,SISTEMA DIGESTIVO,67409,2824728,298676,10.57%
01/03/2023,2023,Mar,CADENA 3,SISTEMA DIGESTIVO,53380,2683176,382008,14.24%
01/04/2023,2023,Apr,CADENA 3,SISTEMA DIGESTIVO,59544,2675911,284083,10.62%
01/02/2023,2023,Feb,CADENA 3,SISTEMA RESPIRATORIO,27202,2656636,439902,16.56%
01/12/2023,2023,Dec,CADENA 3,SISTEMA DIGESTIVO,47223,2482885,351568,14.16%
01/01/2023,2023,Jan,CADENA 3,SISTEMA DIGESTIVO,41710,2353292,364964,15.51%
01/08/2023,2023,Aug,CADENA 3,SISTEMA DIGESTIVO,48419,2330552,343936,14.76%
01/05/2023,2023,May,CADENA 3,SISTEMA RESPIRATORIO,21945,2244910,389893,17.37%
01/09/2023,2023,Sep,CADENA 3,SISTEMA RESPIRATORIO,22632,2240021,417998,18.66%
01/11/2023,2023,Nov,CADENA 3,SISTEMA DIGESTIVO,42614,2220729,363980,16.39%
01/02/2023,2023,Feb,CADENA 3,SISTEMA DIGESTIVO,41461,2207394,289959,13.14%
01/09/2023,2023,Sep,CADENA 3,SISTEMA DIGESTIVO,44029,2167828,322503,14.88%
01/12/2023,2023,Dec,CADENA 3,SISTEMA NERVIOSO,17177,2058744,270499,13.14%
01/04/2023,2023,Apr,CADENA 3,SISTEMA RESPIRATORIO,20069,2010109,336904,16.76%
01/12/2023,2023,Dec,CADENA 3,NUTRICIÓN,15972,1992621,167508,8.41%
01/11/2023,2023,Nov,CADENA 3,SISTEMA NERVIOSO,15443,1924349,265080,13.78%
01/03/2023,2023,Mar,CADENA 3,SISTEMA NERVIOSO,15123,1900207,275685,14.51%
01/05/2023,2023,May,CADENA 3,SISTEMA NERVIOSO,14541,1898191,259601,13.68%
01/01/2023,2023,Jan,CADENA 3,SISTEMA NERVIOSO,15502,1849641,247299,13.37%
01/08/2023,2023,Aug,CADENA 3,SISTEMA RESPIRATORIO,18033,1798112,359147,19.97%
01/06/2023,2023,Jun,CADENA 3,SISTEMA RESPIRATORIO,16856,1774264,327647,18.47%
01/06/2023,2023,Jun,CADENA 3,SISTEMA NERVIOSO,13670,1750527,276092,15.77%
01/01/2023,2023,Jan,CADENA 3,NUTRICIÓN,13635,1737018,182231,10.49%
01/04/2023,2023,Apr,CADENA 3,SISTEMA NERVIOSO,13337,1717161,237449,13.83%
01/03/2023,2023,Mar,CADENA 3,NUTRICIÓN,13022,1689129,194994,11.54%
01/11/2023,2023,Nov,CADENA 3,NUTRICIÓN,13308,1687053,197494,11.71%
01/02/2023,2023,Feb,CADENA 3,SISTEMA NERVIOSO,13239,1674374,245374,14.65%
01/08/2023,2023,Aug,CADENA 3,SISTEMA NERVIOSO,12374,1672220,272288,16.28%
01/07/2023,2023,Jul,CADENA 3,SISTEMA NERVIOSO,12560,1672147,251052,15.01%
01/07/2023,2023,Jul,CADENA 3,SISTEMA RESPIRATORIO,16583,1665239,305165,18.33%
01/09/2023,2023,Sep,CADENA 3,SISTEMA NERVIOSO,12318,1637601,259319,15.84%
01/05/2023,2023,May,CADENA 3,NUTRICIÓN,12345,1617094,135549,8.38%
01/06/2023,2023,Jun,CADENA 3,NUTRICIÓN,12307,1586340,168191,10.60%
01/02/2023,2023,Feb,CADENA 3,NUTRICIÓN,12440,1567848,125847,8.03%
01/07/2023,2023,Jul,CADENA 3,NUTRICIÓN,10564,1561503,112585,7.21%
01/08/2023,2023,Aug,CADENA 3,NUTRICIÓN,9723,1545520,165129,10.68%
01/09/2023,2023,Sep,CADENA 3,NUTRICIÓN,10903,1517910,149241,9.83%
01/04/2023,2023,Apr,CADENA 3,NUTRICIÓN,9625,1380540,191966,13.91%
01/01/2023,2023,Jan,CADENA 2,OTRAS TERAPIAS,8875,1292662,166738,12.90%
01/12/2023,2023,Dec,CADENA 2,OTRAS TERAPIAS,8664,1193237,141388,11.85%
01/11/2023,2023,Nov,CADENA 2,OTRAS TERAPIAS,7710,1087392,147229,13.54%
01/02/2023,2023,Feb,CADENA 2,OTRAS TERAPIAS,7255,1031480,68187,6.61%
01/05/2023,2023,May,CADENA 2,OTRAS TERAPIAS,6876,1015620,107327,10.57%
01/03/2023,2023,Mar,CADENA 2,OTRAS TERAPIAS,6761,1013791,108007,10.65%
01/12/2023,2023,Dec,CADENA 1,SISTEMA RESPIRATORIO,11479,1012610,154363,15.24%
01/10/2023,2023,Oct,CADENA 2,SISTEMA DIGESTIVO,21855,1012188,167133,16.51%
01/10/2023,2023,Oct,CADENA 2,SISTEMA RESPIRATORIO,10437,987862,177494,17.97%
01/10/2023,2023,Oct,CADENA 2,SISTEMA NERVIOSO,6921,980167,124191,12.67%
01/08/2023,2023,Aug,CADENA 2,OTRAS TERAPIAS,6304,973812,103949,10.67%
01/01/2023,2023,Jan,CADENA 1,SISTEMA RESPIRATORIO,11459,935809,145261,15.52%
01/10/2023,2023,Oct,CADENA 2,NUTRICIÓN,5593,934666,92813,9.93%
01/07/2023,2023,Jul,CADENA 2,OTRAS TERAPIAS,6445,931248,71124,7.64%
01/04/2023,2023,Apr,CADENA 2,OTRAS TERAPIAS,5938,903716,98270,10.87%
01/06/2023,2023,Jun,CADENA 2,OTRAS TERAPIAS,6258,884952,71163,8.04%
01/07/2023,2023,Jul,CADENA 2,DERMATOLOGICOS,9941,883862,145664,16.48%
01/06/2023,2023,Jun,CADENA 2,DERMATOLOGICOS,9695,867625,140913,16.24%
01/08/2023,2023,Aug,CADENA 2,DERMATOLOGICOS,8912,863035,186351,21.59%
01/05/2023,2023,May,CADENA 2,DERMATOLOGICOS,9348,860201,167391,19.46%
01/09/2023,2023,Sep,CADENA 2,OTRAS TERAPIAS,5277,814783,70666,8.67%
01/07/2023,2023,Jul,CADENA 1,SISTEMA DIGESTIVO,20761,795371,91816,11.54%
01/05/2023,2023,May,CADENA 1,SISTEMA DIGESTIVO,19498,792560,98068,12.37%
01/01/2023,2023,Jan,CADENA 2,DERMATOLOGICOS,7516,776230,136903,17.64%
01/12/2023,2023,Dec,CADENA 2,DERMATOLOGICOS,7556,765788,142921,18.66%
01/04/2023,2023,Apr,CADENA 2,DERMATOLOGICOS,8314,760815,112624,14.80%
01/03/2023,2023,Mar,CADENA 2,DERMATOLOGICOS,7692,744230,98949,13.30%
01/09/2023,2023,Sep,CADENA 2,DERMATOLOGICOS,7919,735338,147497,20.06%
01/06/2023,2023,Jun,CADENA 1,SISTEMA DIGESTIVO,18155,733918,105904,14.43%
01/08/2023,2023,Aug,CADENA 1,SISTEMA DIGESTIVO,14589,726237,115671,15.93%
01/11/2023,2023,Nov,CADENA 1,SISTEMA RESPIRATORIO,8132,724430,110964,15.32%
01/01/2023,2023,Jan,CADENA 1,SISTEMA NERVIOSO,5793,718045,69509,9.68%
01/12/2023,2023,Dec,CADENA 2,SISTEMA RESPIRATORIO,8193,703862,109727,15.59%
01/02/2023,2023,Feb,CADENA 1,SISTEMA RESPIRATORIO,7581,692360,113901,16.45%
01/11/2023,2023,Nov,CADENA 2,DERMATOLOGICOS,6628,685902,133444,19.46%
01/01/2023,2023,Jan,CADENA 1,SISTEMA DIGESTIVO,11555,685291,103943,15.17%
01/03/2023,2023,Mar,CADENA 1,SISTEMA NERVIOSO,5123,665838,65645,9.86%
01/04/2023,2023,Apr,CADENA 1,SISTEMA DIGESTIVO,13063,663887,77692,11.70%
01/02/2023,2023,Feb,CADENA 2,DERMATOLOGICOS,6323,644957,102822,15.94%
01/12/2023,2023,Dec,CADENA 1,SISTEMA NERVIOSO,5160,638711,78241,12.25%
01/03/2023,2023,Mar,CADENA 1,SISTEMA DIGESTIVO,11225,630905,89879,14.25%
01/09/2023,2023,Sep,CADENA 1,SISTEMA DIGESTIVO,13018,630645,103271,16.38%
01/07/2023,2023,Jul,CADENA 1,SISTEMA NERVIOSO,4513,630550,92976,14.75%
01/12/2023,2023,Dec,CADENA 1,SISTEMA DIGESTIVO,11767,623839,96691,15.50%
01/06/2023,2023,Jun,CADENA 1,SISTEMA NERVIOSO,4360,612484,96791,15.80%
01/02/2023,2023,Feb,CADENA 1,SISTEMA NERVIOSO,4756,609306,73607,12.08%
01/05/2023,2023,May,CADENA 1,SISTEMA NERVIOSO,4417,604799,78466,12.97%
01/02/2023,2023,Feb,CADENA 1,SISTEMA DIGESTIVO,10513,596086,74867,12.56%
01/04/2023,2023,Apr,CADENA 1,SISTEMA NERVIOSO,4392,589490,70736,12.00%
01/05/2023,2023,May,CADENA 2,OFTALMOLOGICOS,4441,580517,57644,9.93%
01/03/2023,2023,Mar,CADENA 1,SISTEMA RESPIRATORIO,6008,573856,97076,16.92%
01/05/2023,2023,May,CADENA 1,NUTRICIÓN,4719,564696,51093,9.05%
01/07/2023,2023,Jul,CADENA 1,NUTRICIÓN,4046,560802,54225,9.67%
01/11/2023,2023,Nov,CADENA 1,SISTEMA NERVIOSO,4306,559972,79098,14.13%
01/06/2023,2023,Jun,CADENA 1,NUTRICIÓN,4386,558380,62775,11.24%
01/12/2023,2023,Dec,CADENA 1,NUTRICIÓN,4654,548325,62383,11.38%
01/08/2023,2023,Aug,CADENA 1,SISTEMA NERVIOSO,3927,544259,80850,14.86%
01/08/2023,2023,Aug,CADENA 1,NUTRICIÓN,4002,537705,49799,9.26%
01/09/2023,2023,Sep,CADENA 1,SISTEMA NERVIOSO,3839,532903,83305,15.63%
01/03/2023,2023,Mar,CADENA 1,NUTRICIÓN,4715,532179,53883,10.12%
01/01/2023,2023,Jan,CADENA 1,NUTRICIÓN,4981,530635,42405,7.99%
01/11/2023,2023,Nov,CADENA 1,SISTEMA DIGESTIVO,9887,528501,93878,17.76%
01/03/2023,2023,Mar,CADENA 2,OFTALMOLOGICOS,3213,516825,80684,15.61%
01/05/2023,2023,May,CADENA 1,SISTEMA RESPIRATORIO,5226,514439,91853,17.85%
01/07/2023,2023,Jul,CADENA 2,OFTALMOLOGICOS,2876,510607,75315,14.75%
01/09/2023,2023,Sep,CADENA 1,NUTRICIÓN,4056,509949,53391,10.47%
01/04/2023,2023,Apr,CADENA 1,SISTEMA RESPIRATORIO,5338,504965,86721,17.17%
01/12/2023,2023,Dec,CADENA 1,SISTEMA RESPIRATORIO,5668,501719,73227,14.60%
01/09/2023,2023,Sep,CADENA 1,SISTEMA RESPIRATORIO,4884,497106,93898,18.89%
01/04/2023,2023,Apr,CADENA 2,OFTALMOLOGICOS,3188,492606,64934,13.18%
01/11/2023,2023,Nov,CADENA 2,SISTEMA RESPIRATORIO,6025,488672,77954,15.95%
01/02/2023,2023,Feb,CADENA 1,NUTRICIÓN,4371,484637,25962,5.36%
01/05/2023,2023,May,CADENA 3,OFTALMOLOGICOS,2572,482133,59494,12.34%
01/07/2023,2023,Jul,CADENA 1,SISTEMA RESPIRATORIO,4844,481852,89377,18.55%
01/12/2023,2023,Dec,CADENA 3,SISTEMA RESPIRATORIO,5381,481319,72120,14.98%
01/06/2023,2023,Jun,CADENA 2,OFTALMOLOGICOS,2942,480552,71014,14.78%
01/01/2023,2023,Jan,CADENA 2,OFTALMOLOGICOS,3065,479919,75661,15.77%
01/11/2023,2023,Nov,CADENA 1,NUTRICIÓN,4184,477976,55328,11.58%
01/03/2023,2023,Mar,CADENA 3,OFTALMOLOGICOS,2306,475048,78570,16.54%
01/04/2023,2023,Apr,CADENA 1,NUTRICIÓN,3466,468186,60850,13.00%
01/12/2023,2023,Dec,CADENA 2,OFTALMOLOGICOS,3109,467126,59317,12.70%
01/08/2023,2023,Aug,CADENA 2,OFTALMOLOGICOS,2527,455590,61907,13.59%
01/01/2023,2023,Jan,CADENA 1,SISTEMA RESPIRATORIO,5391,453350,67005,14.78%
01/06/2023,2023,Jun,CADENA 1,SISTEMA RESPIRATORIO,4420,452297,84830,18.76%
01/09/2023,2023,Sep,CADENA 2,OFTALMOLOGICOS,2495,451414,52990,11.74%
01/11/2023,2023,Nov,CADENA 1,SISTEMA RESPIRATORIO,5192,451029,69089,15.32%
01/08/2023,2023,Aug,CADENA 1,SISTEMA RESPIRATORIO,4545,445444,87491,19.64%
01/02/2023,2023,Feb,CADENA 2,OFTALMOLOGICOS,2768,438580,72170,16.46%
01/11/2023,2023,Nov,CADENA 2,OFTALMOLOGICOS,2704,434015,58954,13.58%
01/04/2023,2023,Apr,CADENA 3,OFTALMOLOGICOS,2012,433471,54991,12.69%
01/01/2023,2023,Jan,CADENA 3,OFTALMOLOGICOS,2243,432961,71826,16.59%
01/01/2023,2023,Jan,CADENA 2,SISTEMA RESPIRATORIO,5600,428545,64229,14.99%
01/06/2023,2023,Jun,CADENA 3,OFTALMOLOGICOS,1926,418240,60753,14.53%
01/01/2023,2023,Jan,CADENA 3,SISTEMA RESPIRATORIO,5259,413041,63123,15.28%
01/11/2023,2023,Nov,CADENA 3,OFTALMOLOGICOS,2089,410861,60057,14.62%
01/12/2023,2023,Dec,CADENA 3,OFTALMOLOGICOS,2027,405394,62558,15.43%
01/09/2023,2023,Sep,CADENA 3,OFTALMOLOGICOS,1980,397319,52613,13.24%
01/07/2023,2023,Jul,CADENA 3,OFTALMOLOGICOS,1851,394940,54261,13.74%
01/11/2023,2023,Nov,CADENA 3,SISTEMA RESPIRATORIO,4604,392355,61533,15.68%
01/02/2023,2023,Feb,CADENA 3,OFTALMOLOGICOS,1904,384285,65981,17.17%
01/08/2023,2023,Aug,CADENA 3,OFTALMOLOGICOS,1717,373044,57132,15.32%
01/10/2023,2023,Oct,CADENA 3,SISTEMA DIGESTIVO,7029,358356,58150,16.23%
01/10/2023,2023,Oct,CADENA 3,SISTEMA RESPIRATORIO,3494,357947,65432,18.28%
01/06/2023,2023,Jun,CADENA 3,SISTEMA DIGESTIVO,8567,357063,50973,14.28%
01/07/2023,2023,Jul,CADENA 3,SISTEMA DIGESTIVO,8705,345594,34957,10.12%
01/11/2023,2023,Nov,CADENA 1,SISTEMA NERVIOSO,2368,339282,46350,13.66%
01/12/2023,2023,Dec,CADENA 2,SISTEMA NERVIOSO,2592,336664,38499,11.44%
01/06/2023,2023,Jun,CADENA 3,DERMATOLOGICOS,3981,332669,61084,18.36%
01/05/2023,2023,May,CADENA 3,SISTEMA DIGESTIVO,7495,331637,38380,11.57%
01/03/2023,2023,Mar,CADENA 1,SISTEMA RESPIRATORIO,3305,323172,53615,16.59%
01/05/2023,2023,May,CADENA 3,DERMATOLOGICOS,3863,323106,65749,20.35%
01/01/2023,2023,Jan,CADENA 1,SISTEMA NERVIOSO,2458,321538,35889,11.16%
01/02/2023,2023,Feb,CADENA 1,SISTEMA RESPIRATORIO,3235,318642,53494,16.79%
01/05/2023,2023,May,CADENA 1,SISTEMA DIGESTIVO,6957,314062,39475,12.57%
01/04/2023,2023,Apr,CADENA 3,DERMATOLOGICOS,3976,312981,54836,17.52%
01/11/2023,2023,Nov,CADENA 2,SISTEMA NERVIOSO,2310,312311,43822,14.03%
01/04/2023,2023,Apr,CADENA 3,SISTEMA DIGESTIVO,6863,307760,32152,10.45%
01/02/2023,2023,Feb,CADENA 3,SISTEMA RESPIRATORIO,3207,307397,51160,16.64%
01/12/2023,2023,Dec,CADENA 1,SISTEMA NERVIOSO,2235,305563,37496,12.27%
01/03/2023,2023,Mar,CADENA 1,SISTEMA NERVIOSO,2237,305397,39939,13.08%
01/04/2023,2023,Apr,CADENA 1,SISTEMA DIGESTIVO,5981,303777,35237,11.60%
01/06/2023,2023,Jun,CADENA 2,SISTEMA DIGESTIVO,9013,302050,45658,15.12%
01/01/2023,2023,Jan,CADENA 3,SISTEMA NERVIOSO,2410,301677,32522,10.78%
01/03/2023,2023,Mar,CADENA 3,SISTEMA DIGESTIVO,5850,301482,41988,13.93%
01/12/2023,2023,Dec,CADENA 1,NUTRICIÓN,2384,299954,23742,7.92%
01/01/2023,2023,Jan,CADENA 3,OTRAS TERAPIAS,1871,297464,40249,13.53%
01/10/2023,2023,Oct,CADENA 3,NUTRICIÓN,2163,296812,24172,8.14%
01/07/2023,2023,Jul,CADENA 1,SISTEMA DIGESTIVO,6467,296413,33310,11.24%
01/01/2023,2023,Jan,CADENA 1,NUTRICIÓN,2307,289688,21545,7.44%
01/06/2023,2023,Jun,CADENA 1,SISTEMA DIGESTIVO,6066,289014,42891,14.84%
01/12/2023,2023,Dec,CADENA 3,SISTEMA NERVIOSO,2210,288784,35952,12.45%
01/11/2023,2023,Nov,CADENA 1,NUTRICIÓN,2230,288713,34512,11.95%
01/07/2023,2023,Jul,CADENA 2,SISTEMA DIGESTIVO,7612,287593,33695,11.72%
01/05/2023,2023,May,CADENA 1,SISTEMA NERVIOSO,1926,287544,39632,13.78%
01/07/2023,2023,Jul,CADENA 3,DERMATOLOGICOS,3386,286589,51548,17.99%
01/05/2023,2023,May,CADENA 2,SISTEMA DIGESTIVO,7087,284876,35369,12.42%
01/04/2023,2023,Apr,CADENA 1,SISTEMA NERVIOSO,2007,284074,33275,11.71%
01/03/2023,2023,Mar,CADENA 1,SISTEMA DIGESTIVO,4844,283561,43150,15.22%
01/02/2023,2023,Feb,CADENA 1,NUTRICIÓN,2360,282393,17201,6.09%
01/11/2023,2023,Nov,CADENA 3,OTRAS TERAPIAS,1864,281958,33993,12.06%
01/01/2023,2023,Jan,CADENA 3,SISTEMA DIGESTIVO,4935,281946,39417,13.98%
01/08/2023,2023,Aug,CADENA 3,SISTEMA DIGESTIVO,5784,281747,40583,14.40%
01/12/2023,2023,Dec,CADENA 3,OTRAS TERAPIAS,1878,281598,29244,10.39%
01/03/2023,2023,Mar,CADENA 1,NUTRICIÓN,2073,281423,36401,12.93%
01/03/2023,2023,Mar,CADENA 3,SISTEMA RESPIRATORIO,2790,279412,48614,17.40%
01/03/2023,2023,Mar,CADENA 3,SISTEMA NERVIOSO,2132,278464,32931,11.83%
01/06/2023,2023,Jun,CADENA 1,SISTEMA NERVIOSO,1837,276752,46340,16.74%
01/03/2023,2023,Mar,CADENA 3,DERMATOLOGICOS,3364,273907,43440,15.86%
01/05/2023,2023,May,CADENA 3,SISTEMA NERVIOSO,1881,272346,37352,13.71%
01/05/2023,2023,May,CADENA 1,NUTRICIÓN,1953,272039,28576,10.50%
01/01/2023,2023,Jan,CADENA 1,SISTEMA DIGESTIVO,4436,271453,39548,14.57%
01/02/2023,2023,Feb,CADENA 1,SISTEMA NERVIOSO,1948,269547,35574,13.20%
01/11/2023,2023,Nov,CADENA 3,SISTEMA NERVIOSO,2038,268915,38075,14.16%
01/05/2023,2023,May,CADENA 3,OTRAS TERAPIAS,1571,268909,26438,9.83%
01/12/2023,2023,Dec,CADENA 3,SISTEMA DIGESTIVO,5056,264351,36998,14.00%
01/07/2023,2023,Jul,CADENA 2,SISTEMA NERVIOSO,1855,263289,38521,14.63%
01/01/2023,2023,Jan,CADENA 2,SISTEMA NERVIOSO,1976,263205,33365,12.68%
01/08/2023,2023,Aug,CADENA 3,DERMATOLOGICOS,2895,263150,61383,23.33%
01/12/2023,2023,Dec,CADENA 1,SISTEMA DIGESTIVO,4662,259768,35764,13.77%
01/07/2023,2023,Jul,CADENA 1,SISTEMA NERVIOSO,1718,259095,38847,14.99%
01/03/2023,2023,Mar,CADENA 3,OTRAS TERAPIAS,1559,256104,29631,11.57%
01/10/2023,2023,Oct,CADENA 3,SISTEMA NERVIOSO,1882,256095,39753,15.52%
01/09/2023,2023,Sep,CADENA 3,DERMATOLOGICOS,2853,255387,57855,22.65%
01/06/2023,2023,Jun,CADENA 2,SISTEMA NERVIOSO,1762,251006,39445,15.71%
01/02/2023,2023,Feb,CADENA 3,OTRAS TERAPIAS,1589,250809,26791,10.68%
01/02/2023,2023,Feb,CADENA 3,SISTEMA NERVIOSO,1875,250683,31384,12.52%
01/03/2023,2023,Mar,CADENA 2,SISTEMA RESPIRATORIO,2713,250153,46621,18.64%
01/08/2023,2023,Aug,CADENA 3,OTRAS TERAPIAS,1384,246380,24695,10.02%
01/01/2023,2023,Jan,CADENA 3,DERMATOLOGICOS,2622,244802,49913,20.39%
01/03/2023,2023,Mar,CADENA 2,SISTEMA NERVIOSO,1882,244510,32510,13.30%
01/11/2023,2023,Nov,CADENA 1,SISTEMA DIGESTIVO,4513,244332,41293,16.90%
01/08/2023,2023,Aug,CADENA 1,SISTEMA DIGESTIVO,3936,243637,34515,14.17%
01/07/2023,2023,Jul,CADENA 1,NUTRICIÓN,1673,243152,24048,9.89%
01/06/2023,2023,Jun,CADENA 1,NUTRICIÓN,1910,242822,27904,11.49%
01/02/2023,2023,Feb,CADENA 2,SISTEMA RESPIRATORIO,2879,242313,40725,16.81%
01/05/2023,2023,May,CADENA 1,SISTEMA RESPIRATORIO,2295,242174,42161,17.41%
01/11/2023,2023,Nov,CADENA 3,SISTEMA DIGESTIVO,4485,242048,37345,15.43%
01/07/2023,2023,Jul,CADENA 3,SISTEMA NERVIOSO,1692,241754,33775,13.97%
01/12/2023,2023,Dec,CADENA 2,SISTEMA DIGESTIVO,5045,241585,33558,13.89%
01/02/2023,2023,Feb,CADENA 3,SISTEMA DIGESTIVO,4521,241518,29276,12.12%
01/04/2023,2023,Apr,CADENA 1,SISTEMA RESPIRATORIO,2330,239375,41344,17.27%
01/09/2023,2023,Sep,CADENA 3,SISTEMA DIGESTIVO,4627,238744,33799,14.16%
01/07/2023,2023,Jul,CADENA 3,OTRAS TERAPIAS,1416,237728,18048,7.59%
01/08/2023,2023,Aug,CADENA 1,NUTRICIÓN,1498,237670,28370,11.94%
01/08/2023,2023,Aug,CADENA 1,SISTEMA NERVIOSO,1541,237319,35011,14.75%
01/04/2023,2023,Apr,CADENA 3,OTRAS TERAPIAS,1423,236695,24813,10.48%
01/09/2023,2023,Sep,CADENA 1,NUTRICIÓN,1789,236546,25487,10.77%
01/05/2023,2023,May,CADENA 2,SISTEMA NERVIOSO,1720,235667,31514,13.37%
01/04/2023,2023,Apr,CADENA 1,NUTRICIÓN,1517,234814,35064,14.93%
01/08/2023,2023,Aug,CADENA 2,SISTEMA NERVIOSO,1611,234279,34515,14.73%
01/12/2023,2023,Dec,CADENA 3,DERMATOLOGICOS,2503,233803,49110,21.00%
01/03/2023,2023,Mar,CADENA 2,SUPLEMENTO ALIMENTICIO,328,233286,14010,6.01%
01/09/2023,2023,Sep,CADENA 3,SISTEMA RESPIRATORIO,2399,232802,40220,17.28%
01/09/2023,2023,Sep,CADENA 1,SISTEMA NERVIOSO,1536,232424,35679,15.35%
01/06/2023,2023,Jun,CADENA 3,SISTEMA NERVIOSO,1605,230774,38048,16.49%
01/04/2023,2023,Apr,CADENA 3,SISTEMA NERVIOSO,1653,230474,27714,12.02%
01/08/2023,2023,Aug,CADENA 3,SISTEMA NERVIOSO,1557,228706,32287,14.12%
01/08/2023,2023,Aug,CADENA 2,SISTEMA DIGESTIVO,5060,226678,34090,15.04%
01/02/2023,2023,Feb,CADENA 1,SISTEMA DIGESTIVO,4037,226476,29558,13.05%
01/09/2023,2023,Sep,CADENA 3,OTRAS TERAPIAS,1232,226254,19673,8.70%
01/09/2023,2023,Sep,CADENA 1,SISTEMA RESPIRATORIO,2258,225394,40545,17.99%
01/06/2023,2023,Jun,CADENA 3,OTRAS TERAPIAS,1315,223205,18998,8.51%
01/11/2023,2023,Nov,CADENA 3,DERMATOLOGICOS,2253,220445,48473,21.99%
01/04/2023,2023,Apr,CADENA 2,SISTEMA DIGESTIVO,5242,220399,23872,10.83%
01/09/2023,2023,Sep,CADENA 2,SISTEMA RESPIRATORIO,2400,218336,41900,19.19%
01/01/2023,2023,Jan,CADENA 3,NUTRICIÓN,1865,217098,19021,8.76%
01/11/2023,2023,Nov,CADENA 2,SISTEMA DIGESTIVO,4478,216783,34046,15.71%
01/05/2023,2023,May,CADENA 3,SISTEMA RESPIRATORIO,2118,215746,38241,17.73%
01/12/2023,2023,Dec,CADENA 3,NUTRICIÓN,1889,214351,16522,7.71%
01/09/2023,2023,Sep,CADENA 3,NUTRICIÓN,1555,212018,23007,10.85%
01/05/2023,2023,May,CADENA 3,NUTRICIÓN,1617,211900,21748,10.26%
01/04/2023,2023,Apr,CADENA 2,SUPLEMENTO ALIMENTICIO,299,211729,11725,5.54%
01/03/2023,2023,Mar,CADENA 2,SISTEMA DIGESTIVO,4315,208970,32183,15.40%
01/09/2023,2023,Sep,CADENA 3,SISTEMA NERVIOSO,1485,206919,30402,14.69%
01/04/2023,2023,Apr,CADENA 2,SISTEMA NERVIOSO,1585,206515,26326,12.75%
01/09/2023,2023,Sep,CADENA 2,SISTEMA NERVIOSO,1543,204805,30329,14.81%
01/03/2023,2023,Mar,CADENA 3,NUTRICIÓN,1820,204742,22929,11.20%
01/04/2023,2023,Apr,CADENA 3,SISTEMA RESPIRATORIO,2060,204346,34519,16.89%
01/05/2023,2023,May,CADENA 2,SUPLEMENTO ALIMENTICIO,270,203688,22578,11.08%
01/02/2023,2023,Feb,CADENA 2,SISTEMA NERVIOSO,1553,203398,28821,14.17%
01/08/2023,2023,Aug,CADENA 3,NUTRICIÓN,1309,202571,21760,10.74%
01/09/2023,2023,Sep,CADENA 1,SISTEMA DIGESTIVO,3151,202066,28287,14.00%
01/02/2023,2023,Feb,CADENA 3,DERMATOLOGICOS,2226,199717,36537,18.29%
01/01/2023,2023,Jan,CADENA 2,SISTEMA DIGESTIVO,3723,198782,29433,14.81%
01/07/2023,2023,Jul,CADENA 3,NUTRICIÓN,1402,198069,18610,9.40%
01/06/2023,2023,Jun,CADENA 3,NUTRICIÓN,1635,195838,22489,11.48%
01/05/2023,2023,May,CADENA 2,SISTEMA RESPIRATORIO,2126,195197,37018,18.96%
01/09/2023,2023,Sep,CADENA 2,SISTEMA DIGESTIVO,4427,194967,30885,15.84%
01/04/2023,2023,Apr,CADENA 3,NUTRICIÓN,1360,193953,27759,14.31%
01/11/2023,2023,Nov,CADENA 3,NUTRICIÓN,1540,193597,26519,13.70%
01/07/2023,2023,Jul,CADENA 1,SISTEMA RESPIRATORIO,2020,191648,33741,17.61%
01/02/2023,2023,Feb,CADENA 3,NUTRICIÓN,1549,191324,9190,4.80%
01/08/2023,2023,Aug,CADENA 1,SISTEMA RESPIRATORIO,1807,191308,37133,19.41%
01/06/2023,2023,Jun,CADENA 1,SISTEMA RESPIRATORIO,1831,190622,33531,17.59%
01/01/2023,2023,Jan,CADENA 2,SUPLEMENTO ALIMENTICIO,261,187963,14787,7.87%
01/04/2023,2023,Apr,CADENA 2,SISTEMA RESPIRATORIO,2137,187831,32043,17.06%
01/08/2023,2023,Aug,CADENA 3,SISTEMA RESPIRATORIO,1862,186300,36235,19.45%
01/07/2023,2023,Jul,CADENA 2,SUPLEMENTO ALIMENTICIO,252,186080,25773,13.85%
01/08/2023,2023,Aug,CADENA 2,SUPLEMENTO ALIMENTICIO,243,185007,27698,14.97%
01/09/2023,2023,Sep,CADENA 2,SUPLEMENTO ALIMENTICIO,236,177196,23578,13.31%
01/02/2023,2023,Feb,CADENA 2,SUPLEMENTO ALIMENTICIO,245,176151,8652,4.91%
01/06/2023,2023,Jun,CADENA 2,SUPLEMENTO ALIMENTICIO,231,172884,25079,14.51%
01/07/2023,2023,Jul,CADENA 3,SISTEMA RESPIRATORIO,1675,171858,31183,18.14%
01/08/2023,2023,Aug,CADENA 2,SISTEMA RESPIRATORIO,1860,169192,33193,19.62%
01/07/2023,2023,Jul,CADENA 2,SISTEMA RESPIRATORIO,1753,167897,31066,18.50%
01/12/2023,2023,Dec,CADENA 2,NUTRICIÓN,1685,162140,17829,11.00%
01/01/2023,2023,Jan,CADENA 2,NUTRICIÓN,1847,160428,8029,5.00%
01/06/2023,2023,Jun,CADENA 3,SISTEMA RESPIRATORIO,1561,159987,28748,17.97%
01/06/2023,2023,Jun,CADENA 2,NUTRICIÓN,1804,159646,10557,6.61%
01/03/2023,2023,Mar,CADENA 2,NUTRICIÓN,1625,158320,13855,8.75%
01/07/2023,2023,Jul,CADENA 2,NUTRICIÓN,1388,158107,13026,8.24%
01/05/2023,2023,May,CADENA 2,NUTRICIÓN,1523,156865,15369,9.80%
01/11/2023,2023,Nov,CADENA 2,NUTRICIÓN,1826,156611,13738,8.77%
01/08/2023,2023,Aug,CADENA 2,NUTRICIÓN,1380,156422,17804,11.38%
01/02/2023,2023,Feb,CADENA 2,SISTEMA DIGESTIVO,2816,154337,21808,14.13%
01/06/2023,2023,Jun,CADENA 2,SISTEMA RESPIRATORIO,1583,150566,28565,18.97%
01/09/2023,2023,Sep,CADENA 2,NUTRICIÓN,1414,149988,17052,11.37%
01/07/2023,2023,Jul,CADENA 2,SISTEMA GENITOURINARIO,644,146263,15923,10.89%
01/10/2023,2023,Oct,CADENA 2,OTRAS TERAPIAS,903,145396,14318,9.85%
01/03/2023,2023,Mar,CADENA 2,SISTEMA GENITOURINARIO,614,139441,6951,4.98%
01/04/2023,2023,Apr,CADENA 2,NUTRICIÓN,1288,139137,16497,11.86%
01/02/2023,2023,Feb,CADENA 2,NUTRICIÓN,1290,138481,11714,8.46%
01/05/2023,2023,May,CADENA 2,SISTEMA GENITOURINARIO,607,138055,16495,11.95%
01/12/2023,2023,Dec,CADENA 2,SUPLEMENTO ALIMENTICIO,198,137482,12270,8.92%
01/06/2023,2023,Jun,CADENA 2,SISTEMA GENITOURINARIO,601,137284,16172,11.78%
01/01/2023,2023,Jan,CADENA 2,SISTEMA GENITOURINARIO,630,137060,10960,8.00%
01/08/2023,2023,Aug,CADENA 2,SISTEMA GENITOURINARIO,575,130711,13251,10.14%
01/12/2023,2023,Dec,CADENA 2,SISTEMA GENITOURINARIO,563,128995,11548,8.95%
01/10/2023,2023,Oct,CADENA 2,DERMATOLOGICOS,1341,127951,25679,20.07%
01/09/2023,2023,Sep,CADENA 2,SISTEMA GENITOURINARIO,536,126943,10045,7.91%
01/11/2023,2023,Nov,CADENA 2,SISTEMA GENITOURINARIO,551,125578,10172,8.10%
01/04/2023,2023,Apr,CADENA 2,SISTEMA GENITOURINARIO,565,124121,9174,7.39%
01/11/2023,2023,Nov,CADENA 2,SUPLEMENTO ALIMENTICIO,174,120318,11367,9.45%
01/02/2023,2023,Feb,CADENA 2,SISTEMA GENITOURINARIO,494,110007,8552,7.77%
01/01/2023,2023,Jan,CADENA 1,OTRAS TERAPIAS,690,102634,16332,15.91%
01/12/2023,2023,Dec,CADENA 1,OTRAS TERAPIAS,694,100375,13988,13.94%
01/03/2023,2023,Mar,CADENA 3,SUPLEMENTO ALIMENTICIO,140,100060,6126,6.12%
01/10/2023,2023,Oct,CADENA 1,SISTEMA DIGESTIVO,1869,99178,17700,17.85%
01/10/2023,2023,Oct,CADENA 1,NUTRICIÓN,770,93446,7088,7.59%
01/04/2023,2023,Apr,CADENA 3,SUPLEMENTO ALIMENTICIO,130,92851,5136,5.53%
01/07/2023,2023,Jul,CADENA 1,OFTALMOLOGICOS,461,92007,12077,13.13%
01/05/2023,2023,May,CADENA 1,OFTALMOLOGICOS,549,89856,9740,10.84%
01/06/2023,2023,Jun,CADENA 3,SUPLEMENTO ALIMENTICIO,126,88150,11935,13.54%
01/08/2023,2023,Aug,CADENA 1,OFTALMOLOGICOS,420,87401,12677,14.50%
01/10/2023,2023,Oct,CADENA 2,OFTALMOLOGICOS,489,86887,10675,12.29%
01/08/2023,2023,Aug,CADENA 1,OTRAS TERAPIAS,507,83494,10091,12.09%
01/01/2023,2023,Jan,CADENA 1,OFTALMOLOGICOS,502,83367,13283,15.93%
01/03/2023,2023,Mar,CADENA 1,OTRAS TERAPIAS,562,83252,10850,13.03%
01/11/2023,2023,Nov,CADENA 1,OTRAS TERAPIAS,571,82501,13445,16.30%
01/07/2023,2023,Jul,CADENA 1,DERMATOLOGICOS,940,82030,14173,17.28%
01/04/2023,2023,Apr,CADENA 1,OFTALMOLOGICOS,432,81600,9276,11.37%
01/10/2023,2023,Oct,CADENA 1,SISTEMA RESPIRATORIO,756,81191,15372,18.93%
01/07/2023,2023,Jul,CADENA 3,SUPLEMENTO ALIMENTICIO,121,81026,10256,12.66%
01/08/2023,2023,Aug,CADENA 1,DERMATOLOGICOS,814,80067,17753,22.17%
01/04/2023,2023,Apr,CADENA 1,DERMATOLOGICOS,950,79897,11900,14.89%
01/06/2023,2023,Jun,CADENA 1,DERMATOLOGICOS,901,79618,14078,17.68%
01/03/2023,2023,Mar,CADENA 1,OFTALMOLOGICOS,458,78589,11563,14.71%
01/10/2023,2023,Oct,CADENA 1,SISTEMA NERVIOSO,575,78588,11656,14.83%
01/04/2023,2023,Apr,CADENA 1,OTRAS TERAPIAS,501,76478,8563,11.20%
01/05/2023,2023,May,CADENA 1,DERMATOLOGICOS,897,76123,15702,20.63%
01/05/2023,2023,May,CADENA 3,SUPLEMENTO ALIMENTICIO,102,75964,7858,10.34%
01/02/2023,2023,Feb,CADENA 1,OTRAS TERAPIAS,536,75103,7189,9.57%
01/06/2023,2023,Jun,CADENA 1,OFTALMOLOGICOS,397,74425,11007,14.79%
01/12/2023,2023,Dec,CADENA 1,OFTALMOLOGICOS,463,73415,10428,14.20%
01/07/2023,2023,Jul,CADENA 1,OTRAS TERAPIAS,484,72489,5227,7.21%
01/11/2023,2023,Nov,CADENA 1,OFTALMOLOGICOS,410,71984,9357,13.00%
01/05/2023,2023,May,CADENA 1,OTRAS TERAPIAS,470,70714,5160,7.30%
01/03/2023,2023,Mar,CADENA 1,DERMATOLOGICOS,820,67766,9903,14.61%
01/06/2023,2023,Jun,CADENA 1,OTRAS TERAPIAS,452,67569,5721,8.47%
01/01/2023,2023,Jan,CADENA 1,DERMATOLOGICOS,727,67119,11788,17.56%
01/09/2023,2023,Sep,CADENA 3,SUPLEMENTO ALIMENTICIO,101,67111,9756,14.54%
01/01/2023,2023,Jan,CADENA 3,SUPLEMENTO ALIMENTICIO,93,67025,4663,6.96%
01/08/2023,2023,Aug,CADENA 3,SUPLEMENTO ALIMENTICIO,95,66602,8739,13.12%
01/02/2023,2023,Feb,CADENA 1,OFTALMOLOGICOS,372,66280,10211,15.41%
01/09/2023,2023,Sep,CADENA 1,DERMATOLOGICOS,660,63854,13187,20.65%
01/09/2023,2023,Sep,CADENA 1,OFTALMOLOGICOS,328,61454,7164,11.66%
01/03/2023,2023,Mar,CADENA 3,SISTEMA GENITOURINARIO,276,61192,2890,4.72%
01/02/2023,2023,Feb,CADENA 3,SUPLEMENTO ALIMENTICIO,84,60231,2776,4.61%
01/11/2023,2023,Nov,CADENA 3,SISTEMA GENITOURINARIO,268,59366,4800,8.09%
01/10/2023,2023,Oct,CADENA 3,OFTALMOLOGICOS,313,58934,8070,13.69%
01/09/2023,2023,Sep,CADENA 1,OTRAS TERAPIAS,386,58234,4732,8.13%
01/11/2023,2023,Nov,CADENA 1,DERMATOLOGICOS,586,58221,11717,20.13%
01/01/2023,2023,Jan,CADENA 3,SISTEMA GENITOURINARIO,252,57893,4531,7.83%
01/12/2023,2023,Dec,CADENA 1,DERMATOLOGICOS,616,57506,10648,18.52%
01/06/2023,2023,Jun,CADENA 3,SISTEMA GENITOURINARIO,238,54338,6846,12.60%
01/09/2023,2023,Sep,CADENA 3,SISTEMA GENITOURINARIO,218,54003,6976,12.92%
01/07/2023,2023,Jul,CADENA 3,SISTEMA GENITOURINARIO,233,53234,6242,11.73%
01/12/2023,2023,Dec,CADENA 3,SISTEMA GENITOURINARIO,250,52931,3852,7.28%
01/08/2023,2023,Aug,CADENA 3,SISTEMA GENITOURINARIO,210,52721,6799,12.90%
01/02/2023,2023,Feb,CADENA 1,DERMATOLOGICOS,584,52460,8203,15.64%
01/06/2023,2023,Jun,CADENA 2,DERMATOLOGICOS,570,51646,7980,15.45%
01/07/2023,2023,Jul,CADENA 2,DERMATOLOGICOS,554,51492,7119,13.83%
01/04/2023,2023,Apr,CADENA 3,SISTEMA GENITOURINARIO,223,50525,4253,8.42%
01/09/2023,2023,Sep,CADENA 3,OFTALMOLOGICOS,209,49315,3837,7.78%
01/05/2023,2023,May,CADENA 3,SISTEMA GENITOURINARIO,218,48454,6285,12.97%
01/05/2023,2023,May,CADENA 3,OFTALMOLOGICOS,273,47991,6256,13.04%
01/02/2023,2023,Feb,CADENA 3,SISTEMA GENITOURINARIO,221,46849,3315,7.08%
01/10/2023,2023,Oct,CADENA 3,NUTRICIÓN,275,46164,3321,7.19%
01/05/2023,2023,May,CADENA 2,DERMATOLOGICOS,494,45224,8918,19.72%
01/12/2023,2023,Dec,CADENA 3,OFTALMOLOGICOS,257,45182,6611,14.63%
01/08/2023,2023,Aug,CADENA 2,DERMATOLOGICOS,448,45171,9887,21.89%
01/10/2023,2023,Oct,CADENA 1,NUTRICIÓN,323,44793,3338,7.45%
01/03/2023,2023,Mar,CADENA 3,OFTALMOLOGICOS,200,43476,6679,15.36%
01/10/2023,2023,Oct,CADENA 2,SUPLEMENTO ALIMENTICIO,60,43461,6337,14.58%
01/10/2023,2023,Oct,CADENA 3,SISTEMA DIGESTIVO,792,42655,7235,16.96%
01/10/2023,2023,Oct,CADENA 3,DERMATOLOGICOS,496,42245,8869,20.99%
01/12/2023,2023,Dec,CADENA 2,OTRAS TERAPIAS,319,41612,4295,10.32%
01/12/2023,2023,Dec,CADENA 1,OTRAS TERAPIAS,264,40853,4900,11.99%
01/01/2023,2023,Jan,CADENA 2,OTRAS TERAPIAS,304,40528,5467,13.49%
01/12/2023,2023,Dec,CADENA 3,SUPLEMENTO ALIMENTICIO,58,40345,3313,8.21%
01/04/2023,2023,Apr,CADENA 3,OFTALMOLOGICOS,200,40304,5101,12.66%
01/06/2023,2023,Jun,CADENA 3,OFTALMOLOGICOS,193,39967,6355,15.90%
01/11/2023,2023,Nov,CADENA 3,OFTALMOLOGICOS,198,39855,5810,14.58%
01/07/2023,2023,Jul,CADENA 3,OFTALMOLOGICOS,184,39840,5843,14.67%
01/11/2023,2023,Nov,CADENA 1,OTRAS TERAPIAS,246,39815,5554,13.95%
01/04/2023,2023,Apr,CADENA 2,DERMATOLOGICOS,478,39628,6055,15.28%
01/10/2023,2023,Oct,CADENA 3,SISTEMA RESPIRATORIO,385,39471,6747,17.09%
01/10/2023,2023,Oct,CADENA 1,SISTEMA NERVIOSO,269,38740,5751,14.85%
01/03/2023,2023,Mar,CADENA 2,DERMATOLOGICOS,439,38691,5335,13.79%
01/01/2023,2023,Jan,CADENA 1,OTRAS TERAPIAS,257,38603,5159,13.36%
01/09/2023,2023,Sep,CADENA 2,DERMATOLOGICOS,410,38562,7876,20.42%
01/10/2023,2023,Oct,CADENA 1,SISTEMA RESPIRATORIO,374,38255,7086,18.52%
01/02/2023,2023,Feb,CADENA 3,OFTALMOLOGICOS,194,38228,6007,15.71%
01/10/2023,2023,Oct,CADENA 3,SISTEMA NERVIOSO,266,38171,4740,12.42%
01/08/2023,2023,Aug,CADENA 1,OFTALMOLOGICOS,158,37750,5400,14.30%
01/11/2023,2023,Nov,CADENA 2,OTRAS TERAPIAS,293,37672,4557,12.10%
01/04/2023,2023,Apr,CADENA 1,OFTALMOLOGICOS,189,37455,5374,14.35%
01/05/2023,2023,May,CADENA 1,SUPLEMENTO ALIMENTICIO,49,37446,4352,11.62%
01/11/2023,2023,Nov,CADENA 3,SUPLEMENTO ALIMENTICIO,53,36353,3193,8.78%
01/08/2023,2023,Aug,CADENA 3,OFTALMOLOGICOS,164,36333,4999,13.76%
01/10/2023,2023,Oct,CADENA 1,SISTEMA DIGESTIVO,519,36176,5762,15.93%
01/03/2023,2023,Mar,CADENA 1,OTRAS TERAPIAS,231,36031,4670,12.96%
01/01/2023,2023,Jan,CADENA 1,OFTALMOLOGICOS,184,35812,5623,15.70%
01/10/2023,2023,Oct,CADENA 3,OTRAS TERAPIAS,200,35788,4225,11.81%
01/01/2023,2023,Jan,CADENA 3,OTRAS TERAPIAS,233,35772,5138,14.36%
01/05/2023,2023,May,CADENA 3,DERMATOLOGICOS,391,35754,7767,21.72%
01/08/2023,2023,Aug,CADENA 2,OTRAS TERAPIAS,237,35681,3562,9.98%
01/04/2023,2023,Apr,CADENA 3,DERMATOLOGICOS,458,35254,6071,17.22%
01/10/2023,2023,Oct,CADENA 2,SISTEMA DIGESTIVO,680,35144,5818,16.55%
01/06/2023,2023,Jun,CADENA 1,SUPLEMENTO ALIMENTICIO,46,34971,5149,14.72%
01/04/2023,2023,Apr,CADENA 1,DERMATOLOGICOS,417,34927,5589,16.00%
01/05/2023,2023,May,CADENA 1,OTRAS TERAPIAS,215,34825,2158,6.20%
01/06/2023,2023,Jun,CADENA 1,OFTALMOLOGICOS,163,34649,4981,14.38%
01/07/2023,2023,Jul,CADENA 1,OFTALMOLOGICOS,158,34527,5275,15.28%
01/06/2023,2023,Jun,CADENA 3,DERMATOLOGICOS,394,34450,5947,17.26%
01/08/2023,2023,Aug,CADENA 1,OTRAS TERAPIAS,204,34130,3328,9.75%
01/09/2023,2023,Sep,CADENA 1,OFTALMOLOGICOS,136,33915,3789,11.17%
01/01/2023,2023,Jan,CADENA 3,OFTALMOLOGICOS,192,33904,5904,17.41%
01/07/2023,2023,Jul,CADENA 2,OTRAS TERAPIAS,241,33876,2473,7.30%
01/06/2023,2023,Jun,CADENA 1,OTRAS TERAPIAS,199,33545,2575,7.68%
01/02/2023,2023,Feb,CADENA 3,OTRAS TERAPIAS,221,33296,3355,10.08%
01/12/2023,2023,Dec,CADENA 2,DERMATOLOGICOS,358,33072,6408,19.38%
01/07/2023,2023,Jul,CADENA 1,DERMATOLOGICOS,358,32986,5465,16.57%
01/05/2023,2023,May,CADENA 1,DERMATOLOGICOS,367,32374,6621,20.45%
01/06/2023,2023,Jun,CADENA 1,DERMATOLOGICOS,366,32316,5207,16.11%
01/08/2023,2023,Aug,CADENA 3,DERMATOLOGICOS,331,32015,7317,22.85%
01/03/2023,2023,Mar,CADENA 3,OTRAS TERAPIAS,197,31914,2820,8.84%
01/10/2023,2023,Oct,CADENA 2,SISTEMA NERVIOSO,231,31886,4796,15.04%
01/01/2023,2023,Jan,CADENA 2,DERMATOLOGICOS,333,31660,5598,17.68%
01/07/2023,2023,Jul,CADENA 1,OTRAS TERAPIAS,184,31278,2359,7.54%
01/03/2023,2023,Mar,CADENA 1,OFTALMOLOGICOS,176,31101,5565,17.89%
01/12/2023,2023,Dec,CADENA 3,OTRAS TERAPIAS,209,30968,3373,10.89%
01/05/2023,2023,May,CADENA 2,OTRAS TERAPIAS,219,30841,2670,8.66%
01/02/2023,2023,Feb,CADENA 2,OTRAS TERAPIAS,234,30675,2954,9.63%
01/11/2023,2023,Nov,CADENA 2,DERMATOLOGICOS,306,30663,6085,19.84%
01/09/2023,2023,Sep,CADENA 3,DERMATOLOGICOS,313,30644,6911,22.55%
01/07/2023,2023,Jul,CADENA 1,SUPLEMENTO ALIMENTICIO,41,30583,3967,12.97%
01/10/2023,2023,Oct,CADENA 2,SISTEMA RESPIRATORIO,341,30547,5745,18.81%
01/10/2023,2023,Oct,CADENA 2,NUTRICIÓN,316,30497,1629,5.34%
01/03/2023,2023,Mar,CADENA 3,DERMATOLOGICOS,362,30461,4264,14.00%
01/03/2023,2023,Mar,CADENA 1,DERMATOLOGICOS,340,30451,4576,15.03%
01/11/2023,2023,Nov,CADENA 1,OFTALMOLOGICOS,151,30094,4615,15.34%
01/09/2023,2023,Sep,CADENA 3,OTRAS TERAPIAS,173,29946,3021,10.09%
01/05/2023,2023,May,CADENA 3,OTRAS TERAPIAS,201,29805,4308,14.45%
01/04/2023,2023,Apr,CADENA 1,OTRAS TERAPIAS,160,29747,2587,8.70%
01/03/2023,2023,Mar,CADENA 2,OTRAS TERAPIAS,216,29705,3320,11.18%
01/05/2023,2023,May,CADENA 1,OFTALMOLOGICOS,191,29701,4273,14.39%
01/11/2023,2023,Nov,CADENA 1,DERMATOLOGICOS,278,29665,6181,20.84%
01/04/2023,2023,Apr,CADENA 2,OTRAS TERAPIAS,209,29473,2735,9.28%
01/08/2023,2023,Aug,CADENA 3,OTRAS TERAPIAS,168,29099,3017,10.37%
01/07/2023,2023,Jul,CADENA 3,DERMATOLOGICOS,345,28939,4719,16.31%
01/12/2023,2023,Dec,CADENA 1,OFTALMOLOGICOS,158,28771,4798,16.68%
01/04/2023,2023,Apr,CADENA 1,SUPLEMENTO ALIMENTICIO,39,28480,1244,4.37%
01/02/2023,2023,Feb,CADENA 1,OTRAS TERAPIAS,185,27844,3120,11.21%
01/09/2023,2023,Sep,CADENA 1,SUPLEMENTO ALIMENTICIO,36,27818,3875,13.93%
01/01/2023,2023,Jan,CADENA 1,SUPLEMENTO ALIMENTICIO,38,27681,1902,6.87%
01/10/2023,2023,Oct,CADENA 2,SISTEMA GENITOURINARIO,112,27322,2035,7.45%
01/08/2023,2023,Aug,CADENA 1,DERMATOLOGICOS,269,27189,5881,21.63%
01/01/2023,2023,Jan,CADENA 1,DERMATOLOGICOS,289,27168,4978,18.32%
01/09/2023,2023,Sep,CADENA 1,OTRAS TERAPIAS,157,27073,1598,5.90%
01/06/2023,2023,Jun,CADENA 3,OTRAS TERAPIAS,177,26980,3441,12.75%
01/06/2023,2023,Jun,CADENA 2,OTRAS TERAPIAS,202,26887,2223,8.27%
01/09/2023,2023,Sep,CADENA 2,OTRAS TERAPIAS,193,26548,2619,9.87%
01/08/2023,2023,Aug,CADENA 1,SUPLEMENTO ALIMENTICIO,34,26155,3679,14.07%
01/05/2023,2023,May,CADENA 1,SUPLEMENTO ALIMENTICIO,34,26123,2996,11.47%
01/04/2023,2023,Apr,CADENA 2,OFTALMOLOGICOS,183,26110,3953,15.14%
01/09/2023,2023,Sep,CADENA 1,DERMATOLOGICOS,265,25956,5521,21.27%
01/02/2023,2023,Feb,CADENA 2,DERMATOLOGICOS,276,25669,4493,17.50%
01/07/2023,2023,Jul,CADENA 3,OTRAS TERAPIAS,150,25577,2471,9.66%
01/04/2023,2023,Apr,CADENA 1,SUPLEMENTO ALIMENTICIO,35,25087,1219,4.86%
01/01/2023,2023,Jan,CADENA 3,DERMATOLOGICOS,267,24867,4791,19.27%
01/02/2023,2023,Feb,CADENA 1,OFTALMOLOGICOS,135,24573,4816,19.60%
01/07/2023,2023,Jul,CADENA 2,OFTALMOLOGICOS,175,23247,4296,18.48%
01/04/2023,2023,Apr,CADENA 3,OTRAS TERAPIAS,142,23200,2343,10.10%
01/02/2023,2023,Feb,CADENA 3,DERMATOLOGICOS,238,22661,4142,18.28%
01/03/2023,2023,Mar,CADENA 1,SUPLEMENTO ALIMENTICIO,30,21853,1233,5.64%
01/05/2023,2023,May,CADENA 2,OFTALMOLOGICOS,194,21533,2823,13.11%
01/02/2023,2023,Feb,CADENA 1,DERMATOLOGICOS,247,21286,3298,15.49%
01/03/2023,2023,Mar,CADENA 1,SUPLEMENTO ALIMENTICIO,29,21125,1143,5.41%
01/02/2023,2023,Feb,CADENA 1,SUPLEMENTO ALIMENTICIO,28,19917,846,4.25%
01/09/2023,2023,Sep,CADENA 2,OFTALMOLOGICOS,151,19830,2368,11.94%
01/03/2023,2023,Mar,CADENA 3,SUPLEMENTO ALIMENTICIO,27,19668,1068,5.43%
01/06/2023,2023,Jun,CADENA 2,OFTALMOLOGICOS,150,19616,3445,17.56%
01/01/2023,2023,Jan,CADENA 2,OFTALMOLOGICOS,157,19561,3505,17.92%
01/08/2023,2023,Aug,CADENA 2,OFTALMOLOGICOS,165,19469,3649,18.74%
01/06/2023,2023,Jun,CADENA 1,SUPLEMENTO ALIMENTICIO,25,18728,2720,14.52%
01/03/2023,2023,Mar,CADENA 2,OFTALMOLOGICOS,145,18245,3029,16.60%
01/01/2023,2023,Jan,CADENA 1,SUPLEMENTO ALIMENTICIO,24,17483,1253,7.17%
01/02/2023,2023,Feb,CADENA 1,SUPLEMENTO ALIMENTICIO,23,16515,729,4.41%
01/06/2023,2023,Jun,CADENA 3,SUPLEMENTO ALIMENTICIO,22,16219,2404,14.82%
01/08/2023,2023,Aug,CADENA 1,SUPLEMENTO ALIMENTICIO,21,16122,2349,14.57%
01/02/2023,2023,Feb,CADENA 2,OFTALMOLOGICOS,127,15689,2969,18.92%
01/09/2023,2023,Sep,CADENA 1,SUPLEMENTO ALIMENTICIO,19,14978,2064,13.78%
01/07/2023,2023,Jul,CADENA 1,SUPLEMENTO ALIMENTICIO,19,13911,2000,14.38%
01/02/2023,2023,Feb,CADENA 3,SUPLEMENTO ALIMENTICIO,19,13841,695,5.02%
01/08/2023,2023,Aug,CADENA 3,SUPLEMENTO ALIMENTICIO,21,13557,1013,7.47%
01/07/2023,2023,Jul,CADENA 3,SUPLEMENTO ALIMENTICIO,18,13480,1828,13.56%
01/04/2023,2023,Apr,CADENA 3,SUPLEMENTO ALIMENTICIO,18,13157,774,5.88%
01/10/2023,2023,Oct,CADENA 3,SUPLEMENTO ALIMENTICIO,19,12668,2115,16.70%
01/05/2023,2023,May,CADENA 1,SISTEMA GENITOURINARIO,60,12649,1385,10.95%
01/10/2023,2023,Oct,CADENA 1,OTRAS TERAPIAS,70,12549,1243,9.91%
01/05/2023,2023,May,CADENA 3,SUPLEMENTO ALIMENTICIO,16,12309,1346,10.94%
01/01/2023,2023,Jan,CADENA 1,SISTEMA GENITOURINARIO,57,11312,845,7.47%
01/06/2023,2023,Jun,CADENA 1,SISTEMA GENITOURINARIO,51,11016,1140,10.35%
01/01/2023,2023,Jan,CADENA 3,SUPLEMENTO ALIMENTICIO,15,10927,936,8.57%
01/02/2023,2023,Feb,CADENA 1,SISTEMA GENITOURINARIO,54,10692,575,5.38%
01/10/2023,2023,Oct,CADENA 1,OFTALMOLOGICOS,59,9931,1199,12.07%
01/08/2023,2023,Aug,CADENA 1,SISTEMA GENITOURINARIO,52,9910,736,7.43%
01/04/2023,2023,Apr,CADENA 1,SISTEMA GENITOURINARIO,50,9448,445,4.71%
01/10/2023,2023,Oct,CADENA 1,DERMATOLOGICOS,91,9275,1993,21.49%
01/07/2023,2023,Jul,CADENA 1,SISTEMA GENITOURINARIO,48,9255,712,7.69%
01/09/2023,2023,Sep,CADENA 3,SUPLEMENTO ALIMENTICIO,12,8728,1253,14.36%
01/09/2023,2023,Sep,CADENA 1,SISTEMA GENITOURINARIO,43,8665,496,5.72%
01/03/2023,2023,Mar,CADENA 1,SISTEMA GENITOURINARIO,46,8335,163,1.96%
01/06/2023,2023,Jun,CADENA 1,SISTEMA GENITOURINARIO,28,8333,1433,17.20%
01/07/2023,2023,Jul,CADENA 1,SISTEMA GENITOURINARIO,27,8261,1274,15.42%
01/10/2023,2023,Oct,CADENA 3,OFTALMOLOGICOS,39,7977,854,10.71%
01/03/2023,2023,Mar,CADENA 3,SISTEMA GENITOURINARIO,22,7666,1061,13.84%
01/05/2023,2023,May,CADENA 3,SISTEMA GENITOURINARIO,21,7379,1076,14.58%
01/10/2023,2023,Oct,CADENA 1,OFTALMOLOGICOS,27,7276,644,8.85%
01/04/2023,2023,Apr,CADENA 1,SISTEMA GENITOURINARIO,24,7258,466,6.42%
01/09/2023,2023,Sep,CADENA 3,SISTEMA GENITOURINARIO,19,7215,1115,15.45%
01/05/2023,2023,May,CADENA 1,SISTEMA GENITOURINARIO,22,6772,913,13.48%
01/08/2023,2023,Aug,CADENA 1,SISTEMA GENITOURINARIO,20,6512,1236,18.98%
01/10/2023,2023,Oct,CADENA 2,DERMATOLOGICOS,67,6403,1232,19.24%
01/07/2023,2023,Jul,CADENA 3,SISTEMA GENITOURINARIO,16,6113,1017,16.64%
01/03/2023,2023,Mar,CADENA 1,SISTEMA GENITOURINARIO,18,5949,469,7.88%
01/02/2023,2023,Feb,CADENA 1,SISTEMA GENITOURINARIO,16,5700,732,12.84%
01/02/2023,2023,Feb,CADENA 3,SISTEMA GENITOURINARIO,20,5618,519,9.24%
01/06/2023,2023,Jun,CADENA 3,SISTEMA GENITOURINARIO,18,5613,929,16.55%
01/04/2023,2023,Apr,CADENA 2,SUPLEMENTO ALIMENTICIO,7,5099,260,5.10%
01/08/2023,2023,Aug,CADENA 3,SISTEMA GENITOURINARIO,16,5098,829,16.26%
01/07/2023,2023,Jul,CADENA 2,SUPLEMENTO ALIMENTICIO,7,4844,710,14.66%
01/04/2023,2023,Apr,CADENA 3,SISTEMA GENITOURINARIO,19,4797,498,10.38%
01/10/2023,2023,Oct,CADENA 3,OTRAS TERAPIAS,23,4714,447,9.48%
01/09/2023,2023,Sep,CADENA 1,SISTEMA GENITOURINARIO,16,4699,617,13.13%
01/10/2023,2023,Oct,CADENA 3,SISTEMA GENITOURINARIO,23,4480,555,12.39%
01/01/2023,2023,Jan,CADENA 1,SISTEMA GENITOURINARIO,19,4454,331,7.43%
01/10/2023,2023,Oct,CADENA 1,OTRAS TERAPIAS,29,4433,423,9.54%
01/10/2023,2023,Oct,CADENA 2,OTRAS TERAPIAS,30,4333,503,11.61%
01/01/2023,2023,Jan,CADENA 3,SISTEMA GENITOURINARIO,15,4177,486,11.64%
01/10/2023,2023,Oct,CADENA 3,DERMATOLOGICOS,46,4067,914,22.47%
01/10/2023,2023,Oct,CADENA 1,DERMATOLOGICOS,36,3694,739,20.01%
01/10/2023,2023,Oct,CADENA 2,OFTALMOLOGICOS,35,3440,523,15.20%
01/08/2023,2023,Aug,CADENA 2,SUPLEMENTO ALIMENTICIO,5,3284,429,13.06%
01/06/2023,2023,Jun,CADENA 2,SISTEMA GENITOURINARIO,19,3222,495,15.36%
01/05/2023,2023,May,CADENA 2,SISTEMA GENITOURINARIO,19,3108,563,18.11%
01/07/2023,2023,Jul,CADENA 2,SISTEMA GENITOURINARIO,17,2398,543,22.64%
01/05/2023,2023,May,CADENA 2,SUPLEMENTO ALIMENTICIO,3,2351,283,12.04%
01/09/2023,2023,Sep,CADENA 2,SUPLEMENTO ALIMENTICIO,4,2216,319,14.40%
01/01/2023,2023,Jan,CADENA 2,SUPLEMENTO ALIMENTICIO,3,2185,135,6.18%
01/03/2023,2023,Mar,CADENA 2,SUPLEMENTO ALIMENTICIO,3,2185,96,4.39%
01/04/2023,2023,Apr,CADENA 2,SISTEMA GENITOURINARIO,15,2046,238,11.63%
01/01/2023,2023,Jan,CADENA 2,SISTEMA GENITOURINARIO,13,1682,159,9.45%
01/10/2023,2023,Oct,CADENA 1,SUPLEMENTO ALIMENTICIO,2,1612,232,14.39%
01/02/2023,2023,Feb,CADENA 2,SISTEMA GENITOURINARIO,13,1605,106,6.60%
01/06/2023,2023,Jun,CADENA 2,SUPLEMENTO ALIMENTICIO,2,1574,250,15.88%
01/10/2023,2023,Oct,CADENA 3,SISTEMA GENITOURINARIO,5,1550,235,15.16%
01/02/2023,2023,Feb,CADENA 2,SUPLEMENTO ALIMENTICIO,2,1457,73,5.01%
01/10/2023,2023,Oct,CADENA 1,SISTEMA GENITOURINARIO,7,1445,80,5.54%
01/08/2023,2023,Aug,CADENA 2,SISTEMA GENITOURINARIO,11,1442,318,22.05%
01/09/2023,2023,Sep,CADENA 2,SISTEMA GENITOURINARIO,11,1375,307,22.33%
01/03/2023,2023,Mar,CADENA 2,SISTEMA GENITOURINARIO,11,1358,74,5.45%
01/10/2023,2023,Oct,CADENA 3,SUPLEMENTO ALIMENTICIO,2,1293,243,18.79%
01/10/2023,2023,Oct,CADENA 1,SISTEMA GENITOURINARIO,2,1175,196,16.68%
01/10/2023,2023,Oct,CADENA 1,SUPLEMENTO ALIMENTICIO,1,806,93,11.54%
